temp,a_ii,a_jj,a_ij,a_ji,nd,rfd,error
32C,NA,NA,NA,NA,NA,NA,NA
34C,0,2.50349986166923,2,-3,NaN,0,96.624654576451
36C,0,3.89103881372746,2,-2.9999,NaN,0,45.0648978769122
38C,1.32917553914332,9.38850856947062,2,-2.9999,NaN,NaN,9.4182735265443
40C,NA,NA,NA,NA,NA,NA,NA
