temp,a_ii,a_jj,a_ij,a_ji,nd,rfd,error
32C,0.498984212409895,0.304868268199812,4.5,-4.9999,NaN,NaN,262.378557667577
34C,NA,NA,NA,NA,NA,NA,NA
36C,4.25569808906986,0.309208293384527,4.5001,-4.9999,NaN,NaN,211.648017558921
38C,NA,NA,NA,NA,NA,NA,NA
40C,0.0902097933719779,97.3019481833556,4.5,-4.9999,NaN,NaN,10.6380556469427
