temp,a_ii,a_jj,a_ij,a_ji,nd,rfd,error
32C,1.47086944644198,0.501683440005457,-0.9999,5.0001,NaN,NaN,482.381120046132
34C,15.6832200485251,0.35099586765435,-1,5,NaN,NaN,51.1904034175731
36C,8.49067863947409,0,-0.9999,5,NaN,NaN,17.1885062257065
38C,2.34978164535987,0,-0.9999,5,NaN,NaN,176.373354142066
40C,1.45062397621654,0,-0.9999,5,NaN,NaN,271.499484425306
