temp,a_ii,a_jj,a_ij,a_ji,nd,rfd,error
32C,1.8342231190532,1.21223949197615,-3.9999,1e-04,NaN,NaN,351.803584641115
34C,1.30653918110148,1.08331922712606,-4,0,1,NaN,385.173774579487
36C,1.31153088220083,1.16759949376776,-3.99997379215585,1e-04,NaN,NaN,385.652604980265
38C,NA,NA,NA,NA,NA,NA,NA
40C,1.41108880722099,2.7975907937481,-4,1e-04,NaN,NaN,315.64750299104
