temp,a_ii,a_jj,a_ij,a_ji,nd,rfd,error
32C,1.22498027970031,1.44919641766943,1e-04,2,0.989385810835743,0.00650108620561176,347.490484851139
34C,1.46184511548378,0.500193526676105,1e-04,2.00001884017501,0.983461453852219,0.0120882825789888,408.666786597535
36C,0.69012912087415,1.20483830538357,1e-04,2.0001,0.984490553646074,0.00535149271410429,224.447749871408
38C,3.18225200315681,0,0,2,NaN,NaN,34.1227193606765
40C,NA,NA,NA,NA,NA,NA,NA
