temp,a_ii,a_jj,a_ij,a_ji,nd,rfd,error
32C,0.500080769423145,0.512407647612755,1.5001,-3.9999,NaN,NaN,396.658571198842
34C,1.17760976625338,2.28892948153302,1.5,-4,NaN,NaN,78.4915342506428
36C,0,3.36206930894661,1.5,-3.9999,NaN,0,29.8822874646215
38C,0.500932408896858,0.621581913349131,1.5001,-3.9999,NaN,NaN,377.215439605726
40C,NA,NA,NA,NA,NA,NA,NA
