temp,a_ii,a_jj,a_ij,a_ji,nd,rfd,error
32C,3.79015028621779,1.44920407739267,-0.9999,1.5001,NaN,NaN,347.490484847405
34C,NA,NA,NA,NA,NA,NA,NA
36C,NA,NA,NA,NA,NA,NA,NA
38C,2.9344224169448,0,-1,1.5,NaN,NaN,13.7214886765102
40C,NA,NA,NA,NA,NA,NA,NA
