temp,a_ii,a_jj,a_ij,a_ji,nd,rfd,error
32C,0,2.55785049057736,2.5,0.500068582039219,-Inf,0,131.823923032563
34C,0,2.18343602428322,2.5,0.5,-Inf,0,121.662452548382
36C,0,2.61681533184891,2.5,0.5,-Inf,0,62.5320007823417
38C,1.23742665190541,1.99642738759141,2.5,0.5,0.288674276695258,1.76042681640636,11.1667619675446
40C,1.2719853164057,11.765153009006,2.5,0.5,0.710988470928085,0.735236842502868,6.9881539428427
