temp,a_ii,a_jj,a_ij,a_ji,nd,rfd,error
32C,1.92175060166909,1.44919865117521,-1.9999,2.5001,NaN,NaN,347.490484833319
34C,2.46559809382844,1.08334293256842,-1.99990058391332,2.5001,NaN,NaN,385.173774557522
36C,10.6593608471077,0.533665522144499,-1.9999,2.5,NaN,NaN,12.5699131657371
38C,5.5097503101077,0,-2,2.5,NaN,NaN,53.694175067837
40C,3.18042602644016,0,-2,2.5,NaN,NaN,91.630986672392
