temp,a_ii,a_jj,a_ij,a_ji,nd,rfd,error
32C,54.3230571416664,0,-3.4999,4.5,NaN,NaN,186.541626918941
34C,2.53141437875177,0,-3.4999,4.5,NaN,NaN,326.76543254288
36C,1.24730759400962,0,-3.4999,4.5,NaN,NaN,200.375372785184
38C,0.50163967983235,0,-3.4999,4.5,NaN,NaN,209.911970342116
40C,0.340757336933688,0,-3.5,4.5,NaN,NaN,303.414247392246
