temp,a_ii,a_jj,a_ij,a_ji,nd,rfd,error
32C,0,1.86246213758075,4,0.5001,-Inf,0,201.204985934878
34C,0,1.22686038863321,4,0.5001,-Inf,0,197.132966313848
36C,0,1.21873667267062,4,0.5001,-Inf,0,146.560755664673
38C,0.561984623012951,2.0733725199682,4,0.5,-0.310129158331984,1.47254488228695,14.3180902883407
40C,0.786856314091506,0.508784599558162,4.0001,0.5001,-1.23536865023227,3.5171244486252,212.705054692564
