temp,a_ii,a_jj,a_ij,a_ji,nd,rfd,error
32C,1.55879881472162,0.533098321927832,-3.9999,1.0001,NaN,NaN,474.714219444484
34C,33.1667208619792,1.06291191752372,-3.9999,1,NaN,NaN,47.1159881222371
36C,3.95782936737974,0.552759929816216,-3.9999,1.0001,NaN,NaN,220.937435242804
38C,4.20036900099569,0.875630694180988,-4,1,NaN,NaN,7.15416006540822
40C,1.63735948862214,3.04896130825895,-4,1,NaN,NaN,7.42893382253261
