temp,a_ii,a_jj,a_ij,a_ji,nd,rfd,error
32C,1.50968599264099,0.509095497324148,-3.9999,2.5001,NaN,NaN,480.642417510361
34C,1.49598875715312,0.531290071399743,-3.9999,2.5001,NaN,NaN,674.210028593993
36C,17.0431805126771,0.557564878318006,-3.9999,2.5,NaN,NaN,17.8125415725491
38C,6.99944082124637,0,-4,2.5,NaN,NaN,50.7247506019171
40C,3.40787716716316,0,-4,2.5,NaN,NaN,91.1652370798492
