temp,a_ii,a_jj,a_ij,a_ji,nd,rfd,error
32C,NA,NA,NA,NA,NA,NA,NA
34C,1.16688757041159,2.48279251876772,1.5,-5,NaN,NaN,76.2942763472997
36C,0,3.77776910868142,1.5,-4.9999,NaN,0,30.5409551196045
38C,1.51613422471099,13.9209367802468,1.5,-4.9999,NaN,NaN,11.8080996492528
40C,NA,NA,NA,NA,NA,NA,NA
