temp,a_ii,a_jj,a_ij,a_ji,nd,rfd,error
32C,1.30256220864138,1.44920382723028,1e-04,-3.5,NaN,NaN,347.490484833376
34C,1.55390899436622,1.22351978067239,1e-04,-3.4999,NaN,NaN,330.889358085344
36C,1.20645475920661,1.20483589352879,1e-04,-3.4999,NaN,NaN,224.447749869785
38C,2.3896602836316,2.81539714107133,1e-04,-3.4999,NaN,NaN,232.453576496149
40C,NA,NA,NA,NA,NA,NA,NA
