temp,a_ii,a_jj,a_ij,a_ji,nd,rfd,error
32C,NA,NA,NA,NA,NA,NA,NA
34C,3.92223180754679,1.60302895419843,1,-1.5,NaN,NaN,66.0500543474943
36C,0.672677211994402,1.88165577780198,1,-1.4999,NaN,NaN,20.496543031884
38C,1.87201624698136,5.99534515899207,1,-1.4999,NaN,NaN,5.93345013666782
40C,1.41137834941292,7.73661085341782,1.0001,-1.4999,NaN,NaN,315.647491853546
