temp,a_ii,a_jj,a_ij,a_ji,nd,rfd,error
32C,NA,NA,NA,NA,NA,NA,NA
34C,0.467463374686964,1.75795767097115,3,3.50009591491999,-2.57456005891758,0.477408605015627,144.774077764862
36C,NA,NA,NA,NA,NA,NA,NA
38C,NA,NA,NA,NA,NA,NA,NA
40C,NA,NA,NA,NA,NA,NA,NA
