temp,a_ii,a_jj,a_ij,a_ji,nd,rfd,error
32C,12.8817344104609,0,-0.5,4.5,NaN,NaN,194.10327689746
34C,2.1077632085893,0,-0.4999,4.5,NaN,NaN,306.609414447697
36C,1.19171006571834,0,-0.4999,4.5,NaN,NaN,197.932961217615
38C,0.493447954484244,0,-0.5,4.5,NaN,NaN,209.692386045922
40C,0.34025441207709,0,-0.5,4.5,NaN,NaN,303.644623202858
