temp,a_ii,a_jj,a_ij,a_ji,nd,rfd,error
32C,0,1.63887618987248,4.5,0.5001,-Inf,0,208.898205496092
34C,0,1.17277357220294,4.5,0.5001,-Inf,0,205.437027740126
36C,0,1.19766316958585,4.5,0.5001,-Inf,0,151.20016513805
38C,0.337885828693311,2.09261806681867,4.5,0.5,-0.783862126921124,1.20548346605871,15.1832226723416
40C,NA,NA,NA,NA,NA,NA,NA
