temp,a_ii,a_jj,a_ij,a_ji,nd,rfd,error
32C,35.2759183484948,1.16781987723663,-3.9999,2,NaN,NaN,55.5637438390754
34C,1.52421893016927,0.539220302207266,-3.9999,2.0001,NaN,NaN,662.321046848847
36C,NA,NA,NA,NA,NA,NA,NA
38C,5.62736730196502,0,-4,2,NaN,NaN,28.457282922065
40C,2.71701100487067,0,-4,2,NaN,NaN,57.4630298424276
