temp,a_ii,a_jj,a_ij,a_ji,nd,rfd,error
32C,1.62544731847354,1.44919621614082,1e-04,-1.4999,NaN,NaN,347.490484856605
34C,NA,NA,NA,NA,NA,NA,NA
36C,NA,NA,NA,NA,NA,NA,NA
38C,2.36299775282517,5.93532192533162,0,-1.4999,1,0,4.97172518857463
40C,1.63851073579644,1.86660057764438,1e-04,-1.4999,NaN,NaN,345.104803077016
