temp,a_ii,a_jj,a_ij,a_ji,nd,rfd,error
32C,0,1.29920371638795,0.5,-4.5,NaN,0,108.986208530118
34C,0,1.50559802481141,0.5,-4.5,NaN,0,76.2181911477902
36C,0,2.48612283263301,0.5,-4.4999,NaN,0,39.8151421956162
38C,0.240276197604907,11.2263333892779,0.5,-4.4999,NaN,NaN,16.0750878216041
40C,0.632109204059459,5.68270661378131,0.5001,-4.4999,NaN,NaN,321.711083771853
