temp,a_ii,a_jj,a_ij,a_ji,nd,rfd,error
32C,0,1.87711813876048,4,-0.4999,NaN,0,203.254506790789
34C,0,1.28419676060085,4,-0.4999,NaN,0,200.588967409535
36C,0,1.2779434570352,4,-0.4999,NaN,0,155.227953571733
38C,NA,NA,NA,NA,NA,NA,NA
40C,NA,NA,NA,NA,NA,NA,NA
