temp,a_ii,a_jj,a_ij,a_ji,nd,rfd,error
32C,NA,NA,NA,NA,NA,NA,NA
34C,12.5569898879011,0.339848160809966,-0.5,5,NaN,NaN,53.3803963072047
36C,6.48890576847682,0,-0.5,5,NaN,NaN,18.2819226044334
38C,2.33341866978315,0,-0.4999,5,NaN,NaN,175.918859814985
40C,NA,NA,NA,NA,NA,NA,NA
