temp,a_ii,a_jj,a_ij,a_ji,nd,rfd,error
32C,0,0.288944527013518,3.5,-1.9999,NaN,0,249.29438061091
34C,NA,NA,NA,NA,NA,NA,NA
36C,1.14617530121671,0.310118766957568,3.5,-1.9999,NaN,NaN,198.631359392832
38C,NA,NA,NA,NA,NA,NA,NA
40C,0.144687299091501,42.4466177856279,3.5,-1.9999,NaN,NaN,10.3764735807719
