temp,a_ii,a_jj,a_ij,a_ji,nd,rfd,error
32C,0,4.43449062467627,3.5,-1.4999,NaN,0,160.399783299035
34C,0,4.00361778037571,3.5,-1.5,NaN,0,149.824495931447
36C,0,1.38215465447915,3.5,-1.4999,NaN,0,160.281994650649
38C,0.665920489628623,6.28905835330892,3.5,-1.4999,NaN,NaN,9.49379300674302
40C,NA,NA,NA,NA,NA,NA,NA
