temp,a_ii,a_jj,a_ij,a_ji,nd,rfd,error
32C,0.50025095133682,0.513028412349288,2.0001,-1.9999,NaN,NaN,354.231835649493
34C,0,2.27800051482642,2,-2,NaN,0,98.8195118105901
36C,0,3.36792621515763,2,-2,NaN,0,45.1294602265441
38C,1.36253243448751,7.17382737697736,2,-1.9999,NaN,NaN,7.8898193629695
40C,1.2862345194815,57.1383644806978,2,-1.9999,NaN,NaN,9.30458823660462
