temp,a_ii,a_jj,a_ij,a_ji,nd,rfd,error
32C,NA,NA,NA,NA,NA,NA,NA
34C,1.49357778925252,0.559098222890446,-2.9999,1.5001,NaN,NaN,678.569701976263
36C,3.95782243808531,0.543211220233675,-3,1.5001,NaN,NaN,220.937435245399
38C,3.8867766255933,0,-3,1.5,NaN,NaN,11.4959622208657
40C,1.97975081332138,0,-3,1.5,NaN,NaN,21.4161665418893
