temp,a_ii,a_jj,a_ij,a_ji,nd,rfd,error
32C,0.515027136206985,1.68030168523298,1.5,9.90168403323763e-05,0.986899391334084,68.1416306673355,109.197396680462
34C,0.953576578061736,1.47600299963158,1.5,0,1,Inf,87.6559586289012
36C,0,1.72839946920508,1.5,0,NaN,NaN,29.7189867676276
38C,1.68295175279183,2.95599469147043,1.5,0,1,Inf,6.79657881180704
40C,0.511296821065017,1.46916532593775,1.50000400168345,1e-04,0.985868953431848,72.2515918861784,630
