temp,a_ii,a_jj,a_ij,a_ji,nd,rfd,error
32C,NA,NA,NA,NA,NA,NA,NA
34C,1.56203983572168,0.585060311242842,-3.4999,1.0001,NaN,NaN,641.087635077957
36C,3.95782802112426,0.56706397441559,-3.4999,1.0001,NaN,NaN,220.937435242853
38C,3.97194480232643,0.873073931386037,-3.5,1,NaN,NaN,7.28381059363803
40C,1.60932917762269,3.04703988025287,-3.5,1,NaN,NaN,7.4426440453965
