temp,a_ii,a_jj,a_ij,a_ji,nd,rfd,error
32C,NA,NA,NA,NA,NA,NA,NA
34C,1.50780873631161,0.316873840529047,0.1,-0.6,NaN,NaN,43.2488914642497
36C,0.872230636228066,0.50776969626072,0.1,-0.5999,NaN,NaN,15.868489894093
38C,0.466370863928799,2.12174685492041,0.1,-0.5999,NaN,NaN,6.21734511744796
40C,1.10909334051063,1.62942121256999,0.1001,-0.5999,NaN,NaN,476.622839655968
