temp,a_ii,a_jj,a_ij,a_ji,nd,rfd,error
32C,NA,NA,NA,NA,NA,NA,NA
34C,3.81689783390719,2.05241896542652,1,-4,NaN,NaN,61.0885003567388
36C,0.595595713916586,2.7029488485691,1,-3.9999,NaN,NaN,23.2542354583576
38C,1.77916233453264,11.5692318148279,1,-3.9999,NaN,NaN,10.2843521473242
40C,NA,NA,NA,NA,NA,NA,NA
