temp,a_ii,a_jj,a_ij,a_ji,nd,rfd,error
32C,0,5.20250655561093,3.5,-3.99990082891485,NaN,0,160.215817932027
34C,0,4.90965121830964,3.5,-4,NaN,0,145.733691355353
36C,2.87528196055628,1.36650145601833,3.5,-3.9999,NaN,NaN,179.41228929504
38C,NA,NA,NA,NA,NA,NA,NA
40C,NA,NA,NA,NA,NA,NA,NA
