temp,a_ii,a_jj,a_ij,a_ji,nd,rfd,error
32C,NA,NA,NA,NA,NA,NA,NA
34C,1.14447145959692,1.89139757585865,1.5,-2,NaN,NaN,83.0718543180469
36C,0,2.53994122972465,1.5,-1.9999,NaN,0,28.9743816094347
38C,1.60668419660974,7.11933179210167,1.5,-1.9999,NaN,NaN,7.32030350675515
40C,1.31417510792327,57.1258421705007,1.5,-1.9999,NaN,NaN,9.29572926689823
