temp,a_ii,a_jj,a_ij,a_ji,nd,rfd,error
32C,NA,NA,NA,NA,NA,NA,NA
34C,0,3.99508198597677,3,-3.5,NaN,0,131.429504445285
36C,1.92422986596945,1.45548827061664,3,-3.4999,NaN,NaN,173.939916630949
38C,NA,NA,NA,NA,NA,NA,NA
40C,NA,NA,NA,NA,NA,NA,NA
