temp,a_ii,a_jj,a_ij,a_ji,nd,rfd,error
32C,0.585036760637568,2.03281704996356,2.5,3.0001,-1.51129160376794,0.489716311084536,135.24287337684
34C,0.470815764230171,1.50237357563937,2.5,3.0001,-2.25629246063468,0.511020907106651,127.777419593542
36C,NA,NA,NA,NA,NA,NA,NA
38C,1.36980286247822,0,2.5001,3,-Inf,Inf,78.8834334661222
40C,NA,NA,NA,NA,NA,NA,NA
