temp,a_ii,a_jj,a_ij,a_ji,nd,rfd,error
32C,21.9593079714166,1.31655579016439,-1.5,0.5,NaN,NaN,56.268291787416
34C,3.32139244826878,1.08334497723395,-1.4999,0.5001,NaN,NaN,385.173774537833
36C,3.95785032423959,0.817578452565854,-1.4999,0.5001,NaN,NaN,220.937435250871
38C,3.07922054804898,1.88330111236134,-1.5,0.5,NaN,NaN,5.43790280835515
40C,1.49694218470473,11.7736634648773,-1.4999,0.5001,NaN,NaN,7.02259657807359
