temp,a_ii,a_jj,a_ij,a_ji,nd,rfd,error
32C,NA,NA,NA,NA,NA,NA,NA
34C,NA,NA,NA,NA,NA,NA,NA
36C,8.99469202181821,0.813743206724037,-1.4999,1.50007256177858,NaN,NaN,10.4000501283811
38C,3.1728676358524,0,-1.5,1.5,NaN,NaN,13.0816244671805
40C,NA,NA,NA,NA,NA,NA,NA
