temp,a_ii,a_jj,a_ij,a_ji,nd,rfd,error
32C,NA,NA,NA,NA,NA,NA,NA
34C,2.51084478445295,0,0,2,NaN,NaN,116.065397042677
36C,NA,NA,NA,NA,NA,NA,NA
38C,0.497167373435096,0,1e-04,2,-Inf,Inf,186.597770385175
40C,0.340781747345903,0,1e-04,2,-Inf,Inf,286.750317731645
