temp,a_ii,a_jj,a_ij,a_ji,nd,rfd,error
32C,NA,NA,NA,NA,NA,NA,NA
34C,NA,NA,NA,NA,NA,NA,NA
36C,NA,NA,NA,NA,NA,NA,NA
38C,0.490292195843917,0,5.80992415883665e-05,3.5,-Inf,Inf,203.565312026341
40C,0.33980317885683,0,0,3.5,NaN,NaN,300.115877532106
