temp,a_ii,a_jj,a_ij,a_ji,nd,rfd,error
32C,1.51963417545151,0.503650885157525,-0.9999,3.0001,NaN,NaN,481.923795879324
34C,15.7876896659445,0.646322427713814,-0.9999,3,NaN,NaN,41.1478230081422
36C,7.3957388508626,0.369841221448115,-0.9999,3,NaN,NaN,9.23069536939263
38C,5.71742789404823,0,-1,3,NaN,NaN,76.1786544276127
40C,0.538932990367595,0.500088789622621,-0.9999,3.00007668510088,NaN,NaN,541.754428291366
