temp,a_ii,a_jj,a_ij,a_ji,nd,rfd,error
32C,0,3.27474676438453,2.5,-2.5,NaN,0,131.656326782057
34C,0,3.01578944418449,2.5,-2.5,NaN,0,116.143417158406
36C,0,4.5362895080053,2.5,-2.5,NaN,0,60.6049992415435
38C,1.10414254664756,8.32923167131393,2.5,-2.4999,NaN,NaN,9.14709812387803
40C,NA,NA,NA,NA,NA,NA,NA
