temp,a_ii,a_jj,a_ij,a_ji,nd,rfd,error
32C,0.500099151472857,0.512962222412911,1.5001,-3.4999,NaN,NaN,387.084428784526
34C,1.17939797477651,2.19123507447038,1.5,-3.5,NaN,NaN,79.6182159178359
36C,0,3.15532661918382,1.5,-3.4999,NaN,0,29.5801189248575
38C,NA,NA,NA,NA,NA,NA,NA
40C,1.30789300292121,84.7854181148279,1.5,-3.4999,NaN,NaN,9.83311981895587
