temp,a_ii,a_jj,a_ij,a_ji,nd,rfd,error
32C,1.4833338728234,1.44919126906407,-0.4999,1.0001,NaN,NaN,347.490484863049
34C,12.810187508272,0.925157231622307,-0.5,1,NaN,NaN,34.2885972653151
36C,NA,NA,NA,NA,NA,NA,NA
38C,2.59008765466364,0.863566628907519,-0.5,1,NaN,NaN,9.41315289336601
40C,NA,NA,NA,NA,NA,NA,NA
