temp,a_ii,a_jj,a_ij,a_ji,nd,rfd,error
32C,0,3.01671615478998,3,1.0001,-Inf,0,146.700834401704
34C,0,2.53609509496135,3,1,-Inf,0,138.899520906761
36C,0,2.79880030368643,3,1,-Inf,0,76.0214811493188
38C,0.991096601018116,0.889392832947796,3,1,-0.844827744082803,1.82840250662438,15.0417339214411
40C,NA,NA,NA,NA,NA,NA,NA
