temp,a_ii,a_jj,a_ij,a_ji,nd,rfd,error
32C,NA,NA,NA,NA,NA,NA,NA
34C,NA,NA,NA,NA,NA,NA,NA
36C,2.94969996524789,0.30899642104964,4.5001,-3.9999,NaN,NaN,208.625759193188
38C,NA,NA,NA,NA,NA,NA,NA
40C,0.090134607947594,79.0310233507168,4.5,-3.9999,NaN,NaN,10.5955755482731
