temp,a_ii,a_jj,a_ij,a_ji,nd,rfd,error
32C,7.85501585542342,0,-0.5,2.5,NaN,NaN,111.927867390949
34C,8.51506148926783,0,-0.5,2.5,NaN,NaN,135.527860158989
36C,NA,NA,NA,NA,NA,NA,NA
38C,0.497978337754584,0,-0.4999,2.5,NaN,NaN,194.335342249742
40C,0.340137522575762,0,-0.499958238016251,2.5,NaN,NaN,293.198362152404
