temp,a_ii,a_jj,a_ij,a_ji,nd,rfd,error
32C,NA,NA,NA,NA,NA,NA,NA
34C,6.7125002093713,0.702610600609124,0.5,3,0.436042827511051,1.26185421280284,61.8978033511234
36C,NA,NA,NA,NA,NA,NA,NA
38C,4.10377304396008,0,0.5,3,-Inf,Inf,78.2982037258973
40C,NA,NA,NA,NA,NA,NA,NA
