temp,a_ii,a_jj,a_ij,a_ji,nd,rfd,error
32C,NA,NA,NA,NA,NA,NA,NA
34C,1.17299608627752,2.38607585072069,1.5,-4.5,NaN,NaN,77.3827399300104
36C,0,3.56957767916624,1.5,-4.4999,NaN,0,30.2061345697013
38C,1.52747676993129,12.7631133780006,1.5,-4.4999,NaN,NaN,11.2153486756903
40C,NA,NA,NA,NA,NA,NA,NA
