temp,a_ii,a_jj,a_ij,a_ji,nd,rfd,error
32C,NA,NA,NA,NA,NA,NA,NA
34C,0,0.244418408696509,3.5,-3.4999,NaN,0,277.407393018815
36C,2.91001056267087,0.310986205456724,3.5001,-3.4999,NaN,NaN,206.866015152532
38C,1.82680606174915,1.02163388557153,3.5,-3.4999,NaN,NaN,210.011641930072
40C,NA,NA,NA,NA,NA,NA,NA
