temp,a_ii,a_jj,a_ij,a_ji,nd,rfd,error
32C,0,2.81278039556803,3.5,3.50005346346643,-Inf,0,159.617516891662
34C,0,2.06985201860726,3.5,3.5,-Inf,0,155.176265117778
36C,NA,NA,NA,NA,NA,NA,NA
38C,NA,NA,NA,NA,NA,NA,NA
40C,NA,NA,NA,NA,NA,NA,NA
