temp,a_ii,a_jj,a_ij,a_ji,nd,rfd,error
32C,0,1.46200180364139,4.5,4.0001,-Inf,0,203.469896232741
34C,0,0.958593060170545,4.5,4.0001,-Inf,0,197.289120209375
36C,NA,NA,NA,NA,NA,NA,NA
38C,NA,NA,NA,NA,NA,NA,NA
40C,0.512190059588588,0.499997542338394,4.5001,4,-7.38381275928215,1.07352638918907,497.273379144163
