temp,a_ii,a_jj,a_ij,a_ji,nd,rfd,error
32C,0.50472141685011,0.536093413536927,0.5001,-1.4999,NaN,NaN,374.037147790315
34C,6.73002175113446,1.40984710448052,0.5,-1.5,NaN,NaN,47.0649035478188
36C,2.25696885523744,1.76446194233736,0.5,-1.4999,NaN,NaN,14.9645863513797
38C,2.11785794059915,5.96019237043006,0.5,-1.4999,NaN,NaN,5.40913616549819
40C,1.51447264751352,3.92581671314144,0.5001,-1.4999,NaN,NaN,330.921118077631
