temp,a_ii,a_jj,a_ij,a_ji,nd,rfd,error
32C,0,2.8081401122771,2,-3.5,NaN,0,116.76464113498
34C,0,2.6156471758331,2,-3.5,NaN,0,95.4985421561802
36C,0,4.15391635450884,2,-3.4999,NaN,0,45.1371232394903
38C,1.31517957537349,10.5168411737205,2,-3.4999,NaN,NaN,10.1486683088598
40C,1.28017117169348,84.798829367154,2,-3.4999,NaN,NaN,9.84016982196286
