temp,a_ii,a_jj,a_ij,a_ji,nd,rfd,error
32C,NA,NA,NA,NA,NA,NA,NA
34C,3.8379337121414,1.96225875981684,1,-3.5,NaN,NaN,61.9745624965134
36C,0.609501188581573,2.53891040796161,1,-3.4999,NaN,NaN,22.7068882751591
38C,NA,NA,NA,NA,NA,NA,NA
40C,NA,NA,NA,NA,NA,NA,NA
