temp,a_ii,a_jj,a_ij,a_ji,nd,rfd,error
32C,13.7752850226263,0.200578493945517,-1.9999,0.5,NaN,NaN,64.7445744644146
34C,13.5423597390126,0.162819406772944,-1.9999,0.5,NaN,NaN,67.4931480107389
36C,7.67456166193986,0.178976580255928,-1.9999,0.5,NaN,NaN,21.5111252718964
38C,1.5925453837725,0,-2,0.5,NaN,NaN,12.387678160446
40C,0.684037938841061,0,-2,0.5,NaN,NaN,43.1424705975638
