temp,a_ii,a_jj,a_ij,a_ji,nd,rfd,error
32C,1.51261043496654,0.502785702655937,-2.4999,5.0001,NaN,NaN,482.125264302803
34C,1.55185067794605,1.08334319125171,-2.49990495147358,5.00009792056807,NaN,NaN,385.173774549935
36C,14.0956312600472,0,-2.4999,5,NaN,NaN,19.4905286444128
38C,2.39520631412358,0,-2.4999,5,NaN,NaN,177.781502094752
40C,1.44800849663797,0,-2.4999,5,NaN,NaN,272.578224960159
