temp,a_ii,a_jj,a_ij,a_ji,nd,rfd,error
32C,1.27951345931382,1.44919664218433,1e-04,-2.5,NaN,NaN,347.490484855531
34C,1.60492491370307,1.02173472549104,1e-04,-2.4999,NaN,NaN,352.26546884976
36C,3.91323747871219,2.0201089532919,0,-2.4999,1,0,14.1858087870952
38C,2.38966629511478,2.79857081953276,1e-04,-2.5,NaN,NaN,232.453576499118
40C,1.65571644458295,1.84130229915622,1e-04,-2.4999,NaN,NaN,347.06764166751
