temp,a_ii,a_jj,a_ij,a_ji,nd,rfd,error
32C,1.79789439913385,1.14324998405872,-2.4999,1e-04,NaN,NaN,355.304113510756
34C,NA,NA,NA,NA,NA,NA,NA
36C,NA,NA,NA,NA,NA,NA,NA
38C,3.55581264110335,2.89419217489213,-2.4999,0,1,NaN,3.73392648806458
40C,1.41137322924332,4.44647090970643,-2.5,1e-04,NaN,NaN,315.647491848718
