temp,a_ii,a_jj,a_ij,a_ji,nd,rfd,error
32C,1.50737425067755,0.502907639356491,-1.4999,4.0001,NaN,NaN,482.096867750229
34C,18.7781195896587,0.51473370067706,-1.4999,4,NaN,NaN,46.4563686594508
36C,9.11671097783342,0.101377106450047,-1.4999,4,NaN,NaN,12.6510407896877
38C,8.35401049647541,0,-1.5,4,NaN,NaN,107.485238225813
40C,NA,NA,NA,NA,NA,NA,NA
