temp,a_ii,a_jj,a_ij,a_ji,nd,rfd,error
32C,3.64849042639385,0.337910497028607,1.5,-3.9999,NaN,NaN,240.601061336222
34C,2.45274034110115,0.274581943778493,1.5,-3.9999,NaN,NaN,269.579635255594
36C,6.4710317034923,0.322882225760676,1.5001,-3.9999,NaN,NaN,210.262187457524
38C,0,13.6495730915716,1.5,-3.9999,NaN,0,26.9979930807822
40C,0.672353030700625,5.68272735219473,1.5001,-3.9999,NaN,NaN,321.711083815495
