temp,a_ii,a_jj,a_ij,a_ji,nd,rfd,error
32C,0.459133649955997,2.42027384580717,3.5,5.0001,-2.96845583753036,0.364403034614208,162.787203869019
34C,NA,NA,NA,NA,NA,NA,NA
36C,NA,NA,NA,NA,NA,NA,NA
38C,0.609789753236898,0.495932943845446,3.5001,5,-6.60717991995184,0.927756073243223,140.118572327165
40C,NA,NA,NA,NA,NA,NA,NA
