temp,a_ii,a_jj,a_ij,a_ji,nd,rfd,error
32C,0,3.15897512856825,3,0.5001,-Inf,0,146.758904797012
34C,0,2.70448582297455,3,0.5,-Inf,0,138.245243983775
36C,0,3.18785623803838,3,0.5,-Inf,0,75.7074679364131
38C,1.01154936158642,2.02419734632246,3,0.5,0.144094802238544,1.7315807127482,12.274747644472
40C,1.01516495940531,0.519944235262535,3.00009669528708,0.5001,-0.685968128461827,3.42238705596601,183.321519341869
