temp,a_ii,a_jj,a_ij,a_ji,nd,rfd,error
32C,0,2.31404364296368,2.5,1.50000012421206,-Inf,0,131.730219552125
34C,0,1.89579010358096,2.5,1.5,-Inf,0,123.090130356739
36C,0,1.96233333702624,2.5,1.5,-Inf,0,63.2737191751588
38C,1.25748197980341,0,2.5,1.5,-Inf,Inf,17.9991122460486
40C,NA,NA,NA,NA,NA,NA,NA
