temp,a_ii,a_jj,a_ij,a_ji,nd,rfd,error
32C,1.58286779302339,0.50531749447389,-0.9999,2.5001,NaN,NaN,481.534053412904
34C,NA,NA,NA,NA,NA,NA,NA
36C,NA,NA,NA,NA,NA,NA,NA
38C,4.74390981119362,0,-1,2.5,NaN,NaN,55.4737666952931
40C,NA,NA,NA,NA,NA,NA,NA
