temp,a_ii,a_jj,a_ij,a_ji,nd,rfd,error
32C,0,0.823582971646896,0.5,-2,NaN,0,118.302273033224
34C,0,0.899273957778457,0.5,-2,NaN,0,91.8699073285813
36C,0,1.34634157972616,0.5,-1.9999,NaN,0,35.6599274416194
38C,0.248977200514065,5.36594490680746,0.5,-1.9999,NaN,NaN,13.4293774981884
40C,1.39652080097245,5.68272625837337,0.5001,-1.9999,NaN,NaN,321.711083789611
