temp,a_ii,a_jj,a_ij,a_ji,nd,rfd,error
32C,2.65403670609569,1.44919726658563,-0.9999,1e-04,NaN,NaN,347.490484855058
34C,1.45449158627167,1.08334496061326,-0.9999,1e-04,NaN,NaN,385.173774511922
36C,NA,NA,NA,NA,NA,NA,NA
38C,2.85941157414443,2.88065272781378,-1,0,1,NaN,4.02012741037989
40C,NA,NA,NA,NA,NA,NA,NA
