temp,a_ii,a_jj,a_ij,a_ji,nd,rfd,error
32C,1.83128226895203,0.313112501855109,2.5,-3.4999,NaN,NaN,246.992078915308
34C,NA,NA,NA,NA,NA,NA,NA
36C,3.60385992724522,0.315063838749894,2.50003602102922,-3.4999,NaN,NaN,207.133351220655
38C,2.22473159648559,1.08174947027261,2.5,-3.4999,NaN,NaN,208.96405150617
40C,NA,NA,NA,NA,NA,NA,NA
