temp,a_ii,a_jj,a_ij,a_ji,nd,rfd,error
32C,0,2.01233006474177,2,0.5,-Inf,0,117.283181533862
34C,0,1.70304741336538,2,0.5,-Inf,0,103.707236260419
36C,0,2.05940325819305,2,0.5,-Inf,0,46.8996517996308
38C,1.46437434086392,1.96889009044521,2,0.5,0.411070636777033,1.72482609617008,10.0668654621051
40C,1.30003111834112,11.7630574467552,2.00008031959163,0.5,0.744275853704217,0.66489869579147,6.98056530946514
