temp,a_ii,a_jj,a_ij,a_ji,nd,rfd,error
32C,NA,NA,NA,NA,NA,NA,NA
34C,6.70255272557396,1.82794269087169,0.5,-4,NaN,NaN,43.5631845003126
36C,2.19150066982954,2.62944003863856,0.5,-3.9999,NaN,NaN,20.4810188690053
38C,0.517684991658782,6.52931353815407,0.5001,-3.9999,NaN,NaN,187.968552339247
40C,1.36203461856941,93.9581628596948,0.5,-3.9999,NaN,NaN,9.92047417142221
