temp,a_ii,a_jj,a_ij,a_ji,nd,rfd,error
32C,2.9244812247257,1.44919555344205,-2.4999,4.0001,NaN,NaN,347.490484849986
34C,1.58427614626495,1.08334305007784,-2.49990826397302,4.00009345371281,NaN,NaN,385.173774561089
36C,NA,NA,NA,NA,NA,NA,NA
38C,9.63343766288465,0,-2.5,4,NaN,NaN,105.413973857435
40C,NA,NA,NA,NA,NA,NA,NA
