temp,a_ii,a_jj,a_ij,a_ji,nd,rfd,error
32C,NA,NA,NA,NA,NA,NA,NA
34C,NA,NA,NA,NA,NA,NA,NA
36C,2.7066575591279,0.308096618899491,5.0001,-3.9999,NaN,NaN,208.571606901148
38C,NA,NA,NA,NA,NA,NA,NA
40C,0.0627844637179575,79.0448132802255,5,-3.9999,NaN,NaN,10.608786184321
