temp,a_ii,a_jj,a_ij,a_ji,nd,rfd,error
32C,NA,NA,NA,NA,NA,NA,NA
34C,0.499999738405302,0.500029242346098,2.00000059416877,4,-4.65669115707563,0.707086024694351,325.796305036933
36C,NA,NA,NA,NA,NA,NA,NA
38C,0.486292531398288,0,2,4,-Inf,Inf,207.484837398106
40C,0.339570022120604,0,2,4,-Inf,Inf,302.382904499503
