temp,a_ii,a_jj,a_ij,a_ji,nd,rfd,error
32C,2.26131352310878,1.44919950443044,-2.4999,2.5001,NaN,NaN,347.490484828153
34C,1.49006709731104,0.534246130536363,-2.4999,2.5001,NaN,NaN,619.295922249108
36C,NA,NA,NA,NA,NA,NA,NA
38C,5.8860991577727,0,-2.5,2.5,NaN,NaN,52.8500317915014
40C,NA,NA,NA,NA,NA,NA,NA
