temp,a_ii,a_jj,a_ij,a_ji,nd,rfd,error
32C,NA,NA,NA,NA,NA,NA,NA
34C,12.6595606822219,0.558795922014231,-0.5,3.5,NaN,NaN,44.7660950752588
36C,5.69868192182283,0.224214172332006,-0.4999,3.5,NaN,NaN,8.95064164164376
38C,6.06214852940181,0,-0.5,3.5,NaN,NaN,94.6144253251363
40C,NA,NA,NA,NA,NA,NA,NA
