temp,a_ii,a_jj,a_ij,a_ji,nd,rfd,error
32C,0.590268137168677,1.18713954725874,1.5,3.0001,-1.53418279617919,0.498599166142996,109.270631469103
34C,0.491189727595265,0.858769167072129,1.5,3.00000093123073,-2.26620519174243,0.534775313467665,93.5551765422499
36C,NA,NA,NA,NA,NA,NA,NA
38C,2.92607679028202,0,1.5001,3,-Inf,Inf,78.4122418063478
40C,NA,NA,NA,NA,NA,NA,NA
