temp,a_ii,a_jj,a_ij,a_ji,nd,rfd,error
32C,NA,NA,NA,NA,NA,NA,NA
34C,2.11192508065984,1.42936287590173,-4.4999,1e-04,NaN,NaN,371.755139340288
36C,1.20379110797114,1.09013911827686,-4.4999,1e-04,NaN,NaN,220.97919343662
38C,2.52376936212217,0.953453121211926,-4.4999,0,1,NaN,8.70304890219907
40C,NA,NA,NA,NA,NA,NA,NA
