temp,a_ii,a_jj,a_ij,a_ji,nd,rfd,error
32C,0,0.27780786982618,3,-1,NaN,0,244.574500944549
34C,NA,NA,NA,NA,NA,NA,NA
36C,0,0.310603372625727,3,-0.9999,NaN,0,188.217049909674
38C,0.175929853650339,1.09953788894916,3,-0.9999,NaN,NaN,173.567587443107
40C,0.172312909831051,24.1106652657223,3,-0.9999,NaN,NaN,10.0325215831242
