temp,a_ii,a_jj,a_ij,a_ji,nd,rfd,error
32C,NA,NA,NA,NA,NA,NA,NA
34C,NA,NA,NA,NA,NA,NA,NA
36C,5.68903540765243,0.356873551587232,-0.4999,3,NaN,NaN,7.51072354863283
38C,5.22038695027026,0,-0.5,3,NaN,NaN,77.0671434297909
40C,NA,NA,NA,NA,NA,NA,NA
