temp,a_ii,a_jj,a_ij,a_ji,nd,rfd,error
32C,NA,NA,NA,NA,NA,NA,NA
34C,NA,NA,NA,NA,NA,NA,NA
36C,NA,NA,NA,NA,NA,NA,NA
38C,0.806140932229835,1.89847238342907,-0.6,-0.4999,0.557299956178345,0.713900032055566,4.17299726522736
40C,NA,NA,NA,NA,NA,NA,NA
