temp,a_ii,a_jj,a_ij,a_ji,nd,rfd,error
32C,NA,NA,NA,NA,NA,NA,NA
34C,0,5.26404572868432,3.5,-5,NaN,0,143.991022734852
36C,4.23655900086212,1.35519252658391,3.5,-4.9999,NaN,NaN,184.455503462533
38C,0.502663416670182,0.694334301073,3.5001,-4.9999,NaN,NaN,375.062683379816
40C,NA,NA,NA,NA,NA,NA,NA
