temp,a_ii,a_jj,a_ij,a_ji,nd,rfd,error
32C,1.622009341763,1.44919481511175,-2.4999,0.5001,NaN,NaN,347.490484834932
34C,1.58025950374414,0.701836964136465,-2.4999,0.5001,NaN,NaN,643.976822117825
36C,3.95782550362144,0.698292125885881,-2.4999,0.5001,NaN,NaN,220.937435242852
38C,3.54004936750239,1.88815523441923,-2.5,0.5,NaN,NaN,5.12561546471084
40C,NA,NA,NA,NA,NA,NA,NA
