temp,a_ii,a_jj,a_ij,a_ji,nd,rfd,error
32C,1.61015334233241,1.44919594501435,1e-04,3,0.988661295078998,0.00608568454209085,347.490484852395
34C,9.60122915926784,0.640574417202539,0,3,1,0,48.3147076002203
36C,NA,NA,NA,NA,NA,NA,NA
38C,4.68517224160528,0,0,3,NaN,NaN,77.8051173403377
40C,NA,NA,NA,NA,NA,NA,NA
