temp,a_ii,a_jj,a_ij,a_ji,nd,rfd,error
32C,NA,NA,NA,NA,NA,NA,NA
34C,6.74110704814776,1.01185588192883,0.5,1,0.729255240021017,1.82511940974339,53.4949547968956
36C,2.29790203083065,0.954375489840698,0.5,1,0.522515136233407,1.09721343814015,10.1808237719509
38C,2.12972763577409,0.86717744980312,0.5,1,0.479681843324095,1.10813595766771,10.8344489170291
40C,NA,NA,NA,NA,NA,NA,NA
