temp,a_ii,a_jj,a_ij,a_ji,nd,rfd,error
32C,1.52177347942344,0.517831156915445,-2.4999,1.5001,NaN,NaN,478.537284246771
34C,NA,NA,NA,NA,NA,NA,NA
36C,NA,NA,NA,NA,NA,NA,NA
38C,3.64909462915224,0,-2.5,1.5,NaN,NaN,11.964190950804
40C,NA,NA,NA,NA,NA,NA,NA
