temp,a_ii,a_jj,a_ij,a_ji,nd,rfd,error
32C,NA,NA,NA,NA,NA,NA,NA
34C,6.64909056514308,0.545919134480138,0.5,4,0.257716656417717,1.23387729411896,67.2276243128967
36C,NA,NA,NA,NA,NA,NA,NA
38C,4.98220983269939,0,0.5001,4,-Inf,Inf,109.561174115657
40C,NA,NA,NA,NA,NA,NA,NA
