temp,a_ii,a_jj,a_ij,a_ji,nd,rfd,error
32C,0.5066863306752,1.774495929061,2.5,4.0000994257065,-2.3350189018792,0.422441622142218,134.560891627264
34C,0.441439509727101,1.22202950309031,2.5,4.00009828862487,-3.30555250575509,0.475148571386281,128.518221098603
36C,NA,NA,NA,NA,NA,NA,NA
38C,NA,NA,NA,NA,NA,NA,NA
40C,NA,NA,NA,NA,NA,NA,NA
