temp,a_ii,a_jj,a_ij,a_ji,nd,rfd,error
32C,NA,NA,NA,NA,NA,NA,NA
34C,0,1.36377765233172,4.5,-3.4999,NaN,0,218.180829374087
36C,1.74017674021777,1.32058113276417,4.5,-3.4999,NaN,NaN,179.544373806035
38C,0.505157127141823,0.626210332469832,4.5001,-3.4999,NaN,NaN,377.081035119812
40C,NA,NA,NA,NA,NA,NA,NA
