temp,a_ii,a_jj,a_ij,a_ji,nd,rfd,error
32C,4.75740824846567,0.374111122909408,1,-4.4999,NaN,NaN,236.930423105077
34C,3.81407360737554,0.298839536124575,1,-4.4999,NaN,NaN,270.086167160741
36C,10.7248257308421,0.328350003847438,1.0001,-4.4999,NaN,NaN,212.868910881033
38C,0.0199017115063035,11.2279268673942,1,-4.4999,NaN,NaN,16.1409202116847
40C,0.615163157245221,5.68272648045541,1.0001,-4.4999,NaN,NaN,321.711083794254
