temp,a_ii,a_jj,a_ij,a_ji,nd,rfd,error
32C,50.982272642304,0,-4.4999,3.5,NaN,NaN,152.930089039479
34C,65.5424501789341,0,-4.4999,3.5,NaN,NaN,189.276723842992
36C,1.30291297814896,0,-4.4999,3.5,NaN,NaN,200.343105516588
38C,0.515661887768846,0,-4.4999,3.5,NaN,NaN,205.897282953839
40C,NA,NA,NA,NA,NA,NA,NA
