temp,a_ii,a_jj,a_ij,a_ji,nd,rfd,error
32C,NA,NA,NA,NA,NA,NA,NA
34C,3.94213131939401,1.51365457104571,1,-1,NaN,NaN,67.227146362472
36C,0.691665107520916,1.71816122730422,1,-0.9999,NaN,NaN,20.0854752208419
38C,1.89036791328008,4.94688321546344,1,-0.9999,NaN,NaN,5.29965918857407
40C,1.49185416019833,4.99231318699464,1.0001,-0.9999,NaN,NaN,330.141808988244
