temp,a_ii,a_jj,a_ij,a_ji,nd,rfd,error
32C,27.4083913250915,0.122019815181293,-4.4999,1,NaN,NaN,79.0364788496091
34C,27.9629278033684,0.0825883486905704,-4.4999,1,NaN,NaN,84.6219663470582
36C,15.6500545851695,0.0281883403919056,-4.4999,1,NaN,NaN,27.1913378316055
38C,5.3435805886443,0,-4.4999,1,NaN,NaN,77.5600745606086
40C,0.370998237239006,0,-4.4999,1,NaN,NaN,266.553478293109
