temp,a_ii,a_jj,a_ij,a_ji,nd,rfd,error
32C,0.499894806794148,0.506701396930952,3.0001,-4.99990068811439,NaN,NaN,393.217932454449
34C,0,4.46048248017426,3,-5,NaN,0,128.479892038724
36C,4.32972803675305,1.39969641500535,3,-4.9999,NaN,NaN,182.823163683569
38C,NA,NA,NA,NA,NA,NA,NA
40C,NA,NA,NA,NA,NA,NA,NA
