temp,a_ii,a_jj,a_ij,a_ji,nd,rfd,error
32C,1.65724216976949,0.587064281987896,-4.4999,0.5001,NaN,NaN,459.882288435781
34C,35.9428650825402,1.1579851174779,-4.4999,0.5,NaN,NaN,48.1726049564406
36C,NA,NA,NA,NA,NA,NA,NA
38C,4.45155764575173,1.90796510334865,-4.4999,0.5,NaN,NaN,5.12399264102785
40C,NA,NA,NA,NA,NA,NA,NA
