temp,a_ii,a_jj,a_ij,a_ji,nd,rfd,error
32C,3.09021508996835,0,0,2.5,NaN,NaN,125.915768066631
34C,2.86051390914336,0,0,2.5,NaN,NaN,149.416965076498
36C,NA,NA,NA,NA,NA,NA,NA
38C,0.492668139147786,0,1e-04,2.5,-Inf,Inf,193.948483107844
40C,NA,NA,NA,NA,NA,NA,NA
