temp,a_ii,a_jj,a_ij,a_ji,nd,rfd,error
32C,0,4.27522315300705,4,1.0001,-Inf,0,171.878053739847
34C,0,1.1976566671086,4,1.0001,-Inf,0,195.500677209442
36C,0,1.18689172829587,4,1.0001,-Inf,0,142.213817983163
38C,0.539552622752819,0.90047408432635,4,1,-1.86931007000021,1.54814377375969,16.3221204804486
40C,NA,NA,NA,NA,NA,NA,NA
