temp,a_ii,a_jj,a_ij,a_ji,nd,rfd,error
32C,NA,NA,NA,NA,NA,NA,NA
34C,2.00280540575695,0,1e-04,4.5,-Inf,Inf,303.46167149865
36C,NA,NA,NA,NA,NA,NA,NA
38C,0.492454413236006,0,0,4.5,NaN,NaN,209.754297800405
40C,0.340174497656617,0,0,4.5,NaN,NaN,303.690164567461
