temp,a_ii,a_jj,a_ij,a_ji,nd,rfd,error
32C,0,3.85605664798768,3,-2,NaN,0,146.781844499107
34C,0,3.52092959591131,3,-2,NaN,0,134.243394956158
36C,0,1.55685324588058,3,-1.9999,NaN,0,160.335421895986
38C,0.881647331174299,7.29532277982247,3,-1.9999,NaN,NaN,9.11740350344869
40C,NA,NA,NA,NA,NA,NA,NA
