temp,a_ii,a_jj,a_ij,a_ji,nd,rfd,error
32C,1.58205597903227,1.44919710795569,1e-04,3.5,0.987644527180644,0.00558487132789521,347.490484841605
34C,1.56004951586974,0.510494860545029,1e-04,3.5001,0.979035942235244,0.0093440096473164,337.947394956925
36C,NA,NA,NA,NA,NA,NA,NA
38C,5.33835524019161,0,0,3.5,NaN,NaN,95.2282488915014
40C,NA,NA,NA,NA,NA,NA,NA
