temp,a_ii,a_jj,a_ij,a_ji,nd,rfd,error
32C,2.45663240372684,1.44920200501525,1e-04,-0.9999,NaN,NaN,347.490484845382
34C,9.77421554832731,1.23492127298664,0,-1,1,0,34.6555307523896
36C,3.95053069999084,1.52152437696613,0,-0.9999,1,0,10.0318861140353
38C,2.37743756307111,4.89772075887837,0,-0.9999,1,0,4.2714730517736
40C,NA,NA,NA,NA,NA,NA,NA
