temp,a_ii,a_jj,a_ij,a_ji,nd,rfd,error
32C,0.500340970166381,0.513876062338474,1.0001,-2.4999,NaN,NaN,376.348106486542
34C,3.88028394882266,1.78228345250613,1,-2.5,NaN,NaN,63.8964622081553
36C,0.639141068891134,2.21008482185779,1,-2.4999,NaN,NaN,21.5653576733256
38C,1.83251109439074,8.17098336605195,1,-2.4999,NaN,NaN,7.72447368743837
40C,NA,NA,NA,NA,NA,NA,NA
