temp,a_ii,a_jj,a_ij,a_ji,nd,rfd,error
32C,16.4752794618731,0.0278712231456622,-2.4999,1.5,NaN,NaN,73.8689726383959
34C,16.8385529539372,0,-2.4999,1.5,NaN,NaN,80.0111113850199
36C,12.6478652307683,0,-2.4999,1.5,NaN,NaN,38.458104063868
38C,0.576137626766153,0,-2.4999,1.5,NaN,NaN,186.375769830637
40C,0.349041803344159,0,-2.4999,1.5,NaN,NaN,278.622076056453
