temp,a_ii,a_jj,a_ij,a_ji,nd,rfd,error
32C,0,2.80012665179955,2.5,-0.5,NaN,0,131.843946818942
34C,0,2.46550286983925,2.5,-0.5,NaN,0,120.00427780716
36C,0,3.2628255279349,2.5,-0.5,NaN,0,61.6843978748325
38C,1.18905658067795,4.06421383838503,2.5,-0.5,NaN,NaN,7.83829802641013
40C,NA,NA,NA,NA,NA,NA,NA
