temp,a_ii,a_jj,a_ij,a_ji,nd,rfd,error
32C,1.50148740228066,0.502757832504956,-0.9999,3.5001,NaN,NaN,482.13171292141
34C,15.7614081649822,0.572324517605707,-0.9999,3.5,NaN,NaN,43.42385994967
36C,NA,NA,NA,NA,NA,NA,NA
38C,6.69541294560332,0,-1,3.5,NaN,NaN,93.7498631661588
40C,NA,NA,NA,NA,NA,NA,NA
