temp,a_ii,a_jj,a_ij,a_ji,nd,rfd,error
32C,NA,NA,NA,NA,NA,NA,NA
34C,0,3.68454729379279,2.5,-5,NaN,0,110.770510819718
36C,0,6.13892497321943,2.5,-4.9999,NaN,0,60.5843996582478
38C,1.0493644317839,13.9904045573128,2.5,-4.9999,NaN,NaN,12.1821779694795
40C,0.629726227595424,5.74549657455205,2.5001,-4.9999,NaN,NaN,534.418972652453
