temp,a_ii,a_jj,a_ij,a_ji,nd,rfd,error
32C,1.6033740222248,1.44919807360765,-1.9999,5.0001,NaN,NaN,347.490484832756
34C,21.7408617595048,0.377692863944116,-1.9999,5,NaN,NaN,52.3237652132995
36C,12.265653841095,0,-1.9999,5,NaN,NaN,18.5345451456937
38C,2.38057379867014,0,-1.9999,5,NaN,NaN,177.304811012257
40C,1.44885171624362,0,-1.9999,5,NaN,NaN,272.240168677809
