temp,a_ii,a_jj,a_ij,a_ji,nd,rfd,error
32C,NA,NA,NA,NA,NA,NA,NA
34C,NA,NA,NA,NA,NA,NA,NA
36C,0,0.270924703487569,4.5,1,-Inf,0,183.335263961366
38C,NA,NA,NA,NA,NA,NA,NA
40C,0.498318011572226,0.525503044005448,4.5000074346506,1,-3.1453929566361,2.06572397533641,168.250982836319
