temp,a_ii,a_jj,a_ij,a_ji,nd,rfd,error
32C,27.386586085601,1.27510898849835,-2.5,1,NaN,NaN,53.6195333638539
34C,1.49931766705142,0.59853935412693,-2.4999,1.0001,NaN,NaN,657.782590805561
36C,NA,NA,NA,NA,NA,NA,NA
38C,3.51311479765092,0.868161339299131,-2.5,1,NaN,NaN,7.6956103615693
40C,1.55333408636829,3.04429006751291,-2.5,1,NaN,NaN,7.48104786519493
