temp,a_ii,a_jj,a_ij,a_ji,nd,rfd,error
32C,1.68843781712274,1.44919461939075,-1.9999,3.0001,NaN,NaN,347.490484833405
34C,1.56574491343526,1.08334295391467,-1.9999,3.0001,NaN,NaN,385.173774559846
36C,NA,NA,NA,NA,NA,NA,NA
38C,6.65299836583042,0,-2,3,NaN,NaN,74.258159964623
40C,NA,NA,NA,NA,NA,NA,NA
