temp,a_ii,a_jj,a_ij,a_ji,nd,rfd,error
32C,NA,NA,NA,NA,NA,NA,NA
34C,6.72118559393278,1.57476058043989,0.5,-2.5,NaN,NaN,45.4121326057634
36C,2.23451645106395,2.1102032158716,0.5,-2.4999,NaN,NaN,17.4152934311737
38C,2.07817590676691,8.12762922566773,0.5,-2.4999,NaN,NaN,7.30593805241769
40C,1.36729512599245,66.3270210950187,0.5,-2.4999,NaN,NaN,9.51430744684592
