temp,a_ii,a_jj,a_ij,a_ji,nd,rfd,error
32C,1.54075935766965,1.44919090156353,-0.4999,-0.5,0.665422783196969,1.03100595530467,347.49048483755
34C,1.12316634437666,1.08333652315111,-0.4999,-0.5,0.546765628772496,1.0181151837549,385.173774502691
36C,NA,NA,NA,NA,NA,NA,NA
38C,NA,NA,NA,NA,NA,NA,NA
40C,NA,NA,NA,NA,NA,NA,NA
