temp,a_ii,a_jj,a_ij,a_ji,nd,rfd,error
32C,0,3.73767538251407,2.5,-4.49990890843169,NaN,0,131.173461361534
34C,0,3.55207725713464,2.5,-4.5,NaN,0,111.862762282607
36C,0,5.81615472735252,2.5,-4.4999,NaN,0,60.5115388476749
38C,NA,NA,NA,NA,NA,NA,NA
40C,NA,NA,NA,NA,NA,NA,NA
