temp,a_ii,a_jj,a_ij,a_ji,nd,rfd,error
32C,2.72859165945729,1.44919641485105,-3.4999,4.5001,NaN,NaN,347.490484845244
34C,NA,NA,NA,NA,NA,NA,NA
36C,NA,NA,NA,NA,NA,NA,NA
38C,2.50578052730836,0,-3.4999,4.5,NaN,NaN,174.326458579969
40C,1.47210873977713,0,-3.4999,4.5,NaN,NaN,268.10628056064
