temp,a_ii,a_jj,a_ij,a_ji,nd,rfd,error
32C,2.3242891630496,0.315432739427669,3,-4.9999,NaN,NaN,256.348805840167
34C,1.18238421936609,0.255545824960725,3,-4.9999,NaN,NaN,284.067197270573
36C,6.17440579071321,0.313672990567131,3.0001,-4.9999,NaN,NaN,212.4577743314
38C,NA,NA,NA,NA,NA,NA,NA
40C,0.605420438870998,5.68270151633511,3.0001,-4.9999,NaN,NaN,321.711083704025
