temp,a_ii,a_jj,a_ij,a_ji,nd,rfd,error
32C,NA,NA,NA,NA,NA,NA,NA
34C,3.85852889866834,1.87221858113191,1,-3,NaN,NaN,62.9090570156186
36C,0.623948532316061,2.37452094323926,1,-2.9999,NaN,NaN,22.1395567293125
38C,NA,NA,NA,NA,NA,NA,NA
40C,NA,NA,NA,NA,NA,NA,NA
