temp,a_ii,a_jj,a_ij,a_ji,nd,rfd,error
32C,2.05932379336282,1.44919737346582,-4.9999,4.0001,NaN,NaN,347.490484838314
34C,1.49733722765267,0.518780430328546,-4.9999,4.0001,NaN,NaN,671.737884934062
36C,NA,NA,NA,NA,NA,NA,NA
38C,2.76830555716197,0,-4.9999,4,NaN,NaN,170.788881462021
40C,1.50869069330518,0,-4.9999,4,NaN,NaN,262.990279980549
