temp,a_ii,a_jj,a_ij,a_ji,nd,rfd,error
32C,NA,NA,NA,NA,NA,NA,NA
34C,NA,NA,NA,NA,NA,NA,NA
36C,0,0.301023861096508,5,-0.9999,NaN,0,192.639995758771
38C,0,0.9808091285324,5,-0.9999,NaN,0,182.559611160205
40C,0.0625436837303379,24.1890295932991,5,-0.9999,NaN,NaN,10.1977129554026
