temp,a_ii,a_jj,a_ij,a_ji,nd,rfd,error
32C,1.2422324876859,1.44920218467729,1e-04,-3,NaN,NaN,347.490484853669
34C,1.58510727810821,1.13369002596327,1e-04,-2.9999,NaN,NaN,344.860746168333
36C,NA,NA,NA,NA,NA,NA,NA
38C,2.38965187284067,2.84505704303012,1e-04,-3,NaN,NaN,232.453576496781
40C,NA,NA,NA,NA,NA,NA,NA
