temp,a_ii,a_jj,a_ij,a_ji,nd,rfd,error
32C,2.30087211262177,1.44919937248121,-1.4999,2.0001,NaN,NaN,347.490484828835
34C,1.5515907114286,1.08334302502079,-1.4999,2.0001,NaN,NaN,385.173774555287
36C,NA,NA,NA,NA,NA,NA,NA
38C,4.11303748237903,0,-1.5,2,NaN,NaN,31.7616935321245
40C,NA,NA,NA,NA,NA,NA,NA
