temp,a_ii,a_jj,a_ij,a_ji,nd,rfd,error
32C,1.51592373023763,0.512180185102901,-3.4999,2.0001,NaN,NaN,479.906021393765
34C,1.51672124862543,0.540680356263445,-3.4999,2.0001,NaN,NaN,665.631106727714
36C,NA,NA,NA,NA,NA,NA,NA
38C,5.32718222825759,0,-3.5,2,NaN,NaN,28.9885772746323
40C,2.67140872410378,0,-3.5,2,NaN,NaN,57.5493969390532
