temp,a_ii,a_jj,a_ij,a_ji,nd,rfd,error
32C,1.50315942985939,0.502461379341404,-1.4999,4.5001,NaN,NaN,482.20063488461
34C,18.7619805124846,0.439730578963108,-1.4999,4.5,NaN,NaN,48.8007738465656
36C,9.39639216752916,0,-1.4999,4.5,NaN,NaN,13.8490931485957
38C,9.40774053059792,0,-1.5,4.5,NaN,NaN,119.852690739801
40C,NA,NA,NA,NA,NA,NA,NA
