temp,a_ii,a_jj,a_ij,a_ji,nd,rfd,error
32C,0.498557563203958,1.18256438085246,1.0001,0.5001,0.078956611257616,0.918202654462145,124.761344644601
34C,3.9853298376601,1.24680417598841,1,0.5,0.682784980066806,2.52841296778741,71.2266997327428
36C,0.748720661057574,1.22917115577714,1,0.5,0.262912725891573,1.10374494225517,20.1064542846337
38C,1.92211536411759,1.92225804676493,1,0.5,0.63213418359834,1.41416107527858,8.09251683431234
40C,NA,NA,NA,NA,NA,NA,NA
