temp,a_ii,a_jj,a_ij,a_ji,nd,rfd,error
32C,0,0.270909741991782,4,-1,NaN,0,253.001663752605
34C,NA,NA,NA,NA,NA,NA,NA
36C,0,0.304604564198213,4,-0.9999,NaN,0,190.544922746902
38C,0.0319926861027852,1.02590964514838,4,-0.9999,NaN,NaN,178.867808777505
40C,0.52951940119329,1.52823807901665,4.0001,-0.9999,NaN,NaN,551.457115498187
