temp,a_ii,a_jj,a_ij,a_ji,nd,rfd,error
32C,0,0.281819644669548,3.5,-1.4999,NaN,0,248.835130303646
34C,NA,NA,NA,NA,NA,NA,NA
36C,0.458840767546615,0.309891578032049,3.5,-1.4999,NaN,NaN,194.587517955139
38C,0.552435270746043,1.03123876958397,3.5,-1.4999,NaN,NaN,187.81621329479
40C,NA,NA,NA,NA,NA,NA,NA
