temp,a_ii,a_jj,a_ij,a_ji,nd,rfd,error
32C,NA,NA,NA,NA,NA,NA,NA
34C,0.500079835435384,0.49999537692615,1.50000023596108,3,-3.24232196089518,0.707166556022792,291.65726974423
36C,NA,NA,NA,NA,NA,NA,NA
38C,0.481974224965844,0,1.5,3,-Inf,Inf,199.497058650967
40C,0.330111884873312,0,1.5001,3,-Inf,Inf,300.164272420233
