temp,a_ii,a_jj,a_ij,a_ji,nd,rfd,error
32C,NA,NA,NA,NA,NA,NA,NA
34C,0,4.15100478130553,3,-4,NaN,0,130.45456663292
36C,2.8705404302691,1.42555428925589,3,-3.9999,NaN,NaN,177.262523976532
38C,NA,NA,NA,NA,NA,NA,NA
40C,NA,NA,NA,NA,NA,NA,NA
