temp,a_ii,a_jj,a_ij,a_ji,nd,rfd,error
32C,5.40688226594437,1.44919681736834,-1.4999,3.0001,NaN,NaN,347.490484871782
34C,1.57355687035285,1.0833431649163,-1.49990746683943,3.00009359751022,NaN,NaN,385.173774543143
36C,9.05748663645708,0.380610496365467,-1.4999,3,NaN,NaN,11.1635066916835
38C,6.19164460626218,0,-1.5,3,NaN,NaN,75.2221281877533
40C,NA,NA,NA,NA,NA,NA,NA
