temp,a_ii,a_jj,a_ij,a_ji,nd,rfd,error
32C,3.31357441379157,1.44919895778452,-2.9999,2.5001,NaN,NaN,347.490484829898
34C,1.48836516290792,0.533299955778578,-2.9999,2.5001,NaN,NaN,683.372054150847
36C,NA,NA,NA,NA,NA,NA,NA
38C,6.25956202106895,0,-3,2.5,NaN,NaN,52.0674408587397
40C,NA,NA,NA,NA,NA,NA,NA
