temp,a_ii,a_jj,a_ij,a_ji,nd,rfd,error
32C,3.28562210740184,1.44919459791858,-3.9999,4.5001,NaN,NaN,347.490484877058
34C,1.49842623097214,0.517248675968449,-3.9999,4.5001,NaN,NaN,675.411960821215
36C,17.6424368422873,0,-3.9999,4.5,NaN,NaN,18.9860931222696
38C,2.52040831284082,0,-3.9999,4.5,NaN,NaN,174.983721284528
40C,1.47016001354065,0,-3.9999,4.5,NaN,NaN,268.479144369385
