temp,a_ii,a_jj,a_ij,a_ji,nd,rfd,error
32C,1.77799749189416,1.10256043252466,-1.9999,1e-04,NaN,NaN,358.029185284745
34C,1.54480143929965,1.22511075200628,-1.99990539449609,1e-04,NaN,NaN,387.164321898705
36C,NA,NA,NA,NA,NA,NA,NA
38C,3.32491092588003,2.88744840442969,-2,0,1,NaN,3.75757153270554
40C,NA,NA,NA,NA,NA,NA,NA
