temp,a_ii,a_jj,a_ij,a_ji,nd,rfd,error
32C,2.91184343059423,0.875928370920084,0,-3.9999,1,0,71.3492049187002
34C,2.04466859808871,0.882403798522935,0,-3.9999,1,0,30.5854992554505
36C,1.0938899635438,1.62124578943618,0,-3.9999,1,0,29.1026668355911
38C,0.525161142877484,0.68465122145073,1e-04,-3.9999,NaN,NaN,232.453576496012
40C,NA,NA,NA,NA,NA,NA,NA
