temp,a_ii,a_jj,a_ij,a_ji,nd,rfd,error
32C,0,1.60762173586649,2,2.5001,-Inf,0,117.171663407352
34C,NA,NA,NA,NA,NA,NA,NA
36C,NA,NA,NA,NA,NA,NA,NA
38C,2.18657562999169,0,2.0000892882947,2.5,-Inf,Inf,58.3310526818698
40C,NA,NA,NA,NA,NA,NA,NA
