temp,a_ii,a_jj,a_ij,a_ji,nd,rfd,error
32C,1.49841428974958,0.508126673336043,-0.4999,1.5001,NaN,NaN,480.872015677079
34C,12.7806320538624,0.851522364076962,-0.5,1.5,NaN,NaN,36.0150116196355
36C,5.67260679229467,0.774744748903107,-0.4999,1.5001,NaN,NaN,6.09568278980578
38C,2.69575252337879,0,-0.5,1.5,NaN,NaN,14.3995785468306
40C,NA,NA,NA,NA,NA,NA,NA
