temp,a_ii,a_jj,a_ij,a_ji,nd,rfd,error
32C,0,3.90428729087779,4,2.00009556415495,-Inf,0,171.649546917578
34C,0,1.13827609987857,4,2.0001,-Inf,0,192.439276151812
36C,NA,NA,NA,NA,NA,NA,NA
38C,0.703826900457986,0,4.00007218381824,2,-Inf,Inf,36.3201441388605
40C,0.505735440955113,0.499985445632615,4.0001,2,-4.62483835470701,1.42234005280949,460.777382321824
