temp,a_ii,a_jj,a_ij,a_ji,nd,rfd,error
32C,0.470470431142076,2.08376853586518,3,4.50006411605114,-2.71089848003671,0.387965140674343,149.454697553205
34C,NA,NA,NA,NA,NA,NA,NA
36C,NA,NA,NA,NA,NA,NA,NA
38C,0.613958738428472,0.496559115896237,3.0001,4.5,-5.65455548152041,0.90791610849701,133.012424466629
40C,NA,NA,NA,NA,NA,NA,NA
