temp,a_ii,a_jj,a_ij,a_ji,nd,rfd,error
32C,4.50976163775314,1.49093072283816,1,1,0.614348989233438,1.73919413391576,102.593883233412
34C,3.9893728374382,1.15795136816211,1,1,0.534732703984472,1.85612471287267,72.731783040347
36C,0.75353982282707,1.06409910445348,1,1,-0.116749731689376,0.84151539495939,20.7071569288359
38C,1.90064241727507,0.8706647068174,1,1,0.222636184803425,1.47749064081739,11.664158245763
40C,NA,NA,NA,NA,NA,NA,NA
