temp,a_ii,a_jj,a_ij,a_ji,nd,rfd,error
32C,16.1031150702919,1.32466902077598,-0.5,0.5,NaN,NaN,67.752651073971
34C,1.62893051617787,1.0833477327375,-0.4999,0.5001,NaN,NaN,385.173774681317
36C,NA,NA,NA,NA,NA,NA,NA
38C,2.61603365585372,1.88707542471526,-0.5,0.5,NaN,NaN,6.11316609309825
40C,NA,NA,NA,NA,NA,NA,NA
