temp,a_ii,a_jj,a_ij,a_ji,nd,rfd,error
32C,3.96548307748668,1.44919693591168,-2.4999,3.5001,NaN,NaN,347.490484840994
34C,1.48958545551159,0.523359750800804,-2.4999,3.5001,NaN,NaN,622.554430574543
36C,12.3380482659175,0.25017382580525,-2.4999,3.5,NaN,NaN,14.8391110629987
38C,8.36110712861979,0,-2.5,3.5,NaN,NaN,90.7586038608737
40C,NA,NA,NA,NA,NA,NA,NA
