temp,a_ii,a_jj,a_ij,a_ji,nd,rfd,error
32C,NA,NA,NA,NA,NA,NA,NA
34C,0,3.41900579083935,2.5,-4,NaN,0,112.951614672007
36C,0,5.49457870992546,2.5,-3.9999,NaN,0,60.4690210229485
38C,1.06684059729321,11.6984511970701,2.5,-3.9999,NaN,NaN,11.0985257163809
40C,NA,NA,NA,NA,NA,NA,NA
