temp,a_ii,a_jj,a_ij,a_ji,nd,rfd,error
32C,0,3.0391688108697,2.5,-1.4999000000001,NaN,0,131.788106215105
34C,0,2.74298864588539,2.5,-1.5,NaN,0,118.150143303802
36C,0,3.90051894222416,2.5,-1.5,NaN,0,61.0032433793914
38C,1.13994059839876,6.15533358005955,2.5,-1.4999,NaN,NaN,7.94017723216514
40C,NA,NA,NA,NA,NA,NA,NA
