temp,a_ii,a_jj,a_ij,a_ji,nd,rfd,error
32C,30.189422909292,0.122809219672428,-4.9999,1,NaN,NaN,80.4266807811043
34C,30.8562934736454,0.0829800766749516,-4.9999,1,NaN,NaN,86.0312462650573
36C,17.2373720162317,0.0282887486165117,-4.9999,1,NaN,NaN,27.7577670156192
38C,5.79060771015097,0,-4.9999,1,NaN,NaN,77.8423607427526
40C,0.371250979245531,0,-4.9999,1,NaN,NaN,267.613148476096
