temp,a_ii,a_jj,a_ij,a_ji,nd,rfd,error
32C,1.86224242228844,1.44919900861259,1e-04,4.5,0.987087089679571,0.0053437709764244,347.490484863125
34C,9.50987279589872,0.420768275310785,0,4.5,1,0,57.0132503957326
36C,3.99834203061622,0,0,4.5,NaN,NaN,17.8800167233524
38C,6.32783044964504,0,1e-04,4.5,-Inf,Inf,121.327814165859
40C,NA,NA,NA,NA,NA,NA,NA
