temp,a_ii,a_jj,a_ij,a_ji,nd,rfd,error
32C,4.61531075459368,1.66345775964395,1,0,1,Inf,101.925974678111
34C,3.974865582457,1.33563507951649,1,0,1,Inf,69.8102256730231
36C,0.732502294103259,1.39251891799547,1,0,1,Inf,19.823896883961
38C,0.526498708401482,0.504852658255533,1.0001,1e-04,0.980602724465451,102.126405154478,288.527175423406
40C,0.512954086342059,1.47741147466996,1.00000826470143,1e-04,0.988512862651582,58.9237404324367,630
