temp,a_ii,a_jj,a_ij,a_ji,nd,rfd,error
32C,1.51914400861874,0.502058602893307,-1.4999,5.0001,NaN,NaN,482.294088727337
34C,18.746696118055,0.364929676354406,-1.4999,5,NaN,NaN,51.2682102125145
36C,10.4041751880721,0,-1.4999,5,NaN,NaN,17.6585109827335
38C,2.36546135337671,0,-1.4999,5,NaN,NaN,176.835291964778
40C,NA,NA,NA,NA,NA,NA,NA
