temp,a_ii,a_jj,a_ij,a_ji,nd,rfd,error
32C,0.548752173150267,1.73572661817723,5,-3.4999,NaN,NaN,218.279524409869
34C,0,1.31469825566605,5,-3.4999,NaN,0,223.171481415265
36C,1.48696858360588,1.30577433216902,5,-3.4999,NaN,NaN,180.640579247666
38C,0,11.1356301569226,5,-3.4999,NaN,0,12.3212299651082
40C,0.58564299149343,2.72175803996026,5.0001,-3.4999,NaN,NaN,610.816519278907
