temp,a_ii,a_jj,a_ij,a_ji,nd,rfd,error
32C,0.51372197900126,1.59605488240795,1.5,0.5,0.0435932166212952,0.982654370975075,109.238423552412
34C,0.867654690356998,1.36920814414117,1.5,0.5,0.205447798266944,1.37879388913433,88.7501846298025
36C,0,1.52585307381314,1.5,0.5,-Inf,0,30.2238318895141
38C,1.69259201090193,1.94361835138775,1.5,0.5,0.522526808011856,1.61633462035795,9.02749602369762
40C,NA,NA,NA,NA,NA,NA,NA
