temp,a_ii,a_jj,a_ij,a_ji,nd,rfd,error
32C,0,4.1184622638334,3.5,-0.499999671758245,NaN,0,160.355404683746
34C,0,3.63064041041298,3.5,-0.5,NaN,0,151.259330508889
36C,0,1.32455200317424,3.5,-0.4999,NaN,0,150.677761044519
38C,NA,NA,NA,NA,NA,NA,NA
40C,NA,NA,NA,NA,NA,NA,NA
