temp,a_ii,a_jj,a_ij,a_ji,nd,rfd,error
32C,1.50831338907141,0.527119428260173,-0.9999,1.0001,NaN,NaN,476.232130247413
34C,NA,NA,NA,NA,NA,NA,NA
36C,7.34288226948114,0.942085695163367,-0.9999,1.0001,NaN,NaN,8.43072542395659
38C,2.82094389091118,0.863532919700752,-1,1,NaN,NaN,8.84712896483486
40C,NA,NA,NA,NA,NA,NA,NA
