temp,a_ii,a_jj,a_ij,a_ji,nd,rfd,error
32C,NA,NA,NA,NA,NA,NA,NA
34C,6.68768291576404,0.624739154381601,0.5,3.5,0.352809960323496,1.2366290775992,64.4821362569413
36C,2.23030426635611,0.235751905693825,0.5,3.5,-0.824355039777843,1.16253337958994,19.5474533662594
38C,4.57151990472818,0,0.5,3.5,-Inf,Inf,95.4831630837921
40C,NA,NA,NA,NA,NA,NA,NA
