temp,a_ii,a_jj,a_ij,a_ji,nd,rfd,error
32C,0,1.93419793603857,4,-1.9999,NaN,0,206.161541724126
34C,0,1.36785912451562,4,-1.9999,NaN,0,206.1347814499
36C,0,1.35044322900008,4,-1.9999,NaN,0,167.725738968591
38C,0.41380049292207,7.42448957453796,4,-1.9999,NaN,NaN,10.4010199927421
40C,NA,NA,NA,NA,NA,NA,NA
