temp,a_ii,a_jj,a_ij,a_ji,nd,rfd,error
32C,1.85017282523373,1.4492028579437,-4.4999,4.0001,NaN,NaN,347.490484847193
34C,1.49461677945183,0.519117790490435,-4.4999,4.0001,NaN,NaN,702.969114142842
36C,18.7526564997158,0.112446130256638,-4.4999,4,NaN,NaN,19.3565493103415
38C,12.0351866331593,0,-4.5,4,NaN,NaN,101.984335939177
40C,1.5123180354322,0,-4.4999,4,NaN,NaN,262.528405273631
