temp,a_ii,a_jj,a_ij,a_ji,nd,rfd,error
32C,0.460543029244509,2.6019586051341,3.5,4.5001,-2.62543235581734,0.371028999237611,162.984859835082
34C,0.412643665547022,1.77039665388697,3.5,4.50007794043247,-3.64324028413787,0.425771223570877,159.035903029712
36C,NA,NA,NA,NA,NA,NA,NA
38C,NA,NA,NA,NA,NA,NA,NA
40C,NA,NA,NA,NA,NA,NA,NA
