temp,a_ii,a_jj,a_ij,a_ji,nd,rfd,error
32C,0,3.30627741625459,3.5,2.00000254063488,-Inf,0,159.973280100014
34C,0,2.66413142286754,3.5,2.00009892384491,-Inf,0,154.069636887037
36C,NA,NA,NA,NA,NA,NA,NA
38C,0.957116811170723,0,3.5001,2,-Inf,Inf,36.2364218525362
40C,NA,NA,NA,NA,NA,NA,NA
