temp,a_ii,a_jj,a_ij,a_ji,nd,rfd,error
32C,2.50176013147534,1.44918498355471,-2.9999,4.5001,NaN,NaN,347.490484841735
34C,1.50092099224684,0.517466156847628,-2.9999,4.5001,NaN,NaN,660.816421612484
36C,14.3859697011983,0,-2.9999,4.5,NaN,NaN,17.1483841149974
38C,2.49145755746228,0,-2.9999,4.5,NaN,NaN,173.659580650483
40C,1.47390593557285,0,-2.9999,4.5,NaN,NaN,267.708788334155
