temp,a_ii,a_jj,a_ij,a_ji,nd,rfd,error
32C,NA,NA,NA,NA,NA,NA,NA
34C,NA,NA,NA,NA,NA,NA,NA
36C,6.0623484335491,0.329445985494834,-1.4999,1e-04,NaN,NaN,19.1170851573089
38C,1.21130839322834,0.906797822487537,-1.4999,0,1,NaN,4.77563256116476
40C,0.427721709482956,5.70058506194134,-1.4999,1e-04,NaN,NaN,7.57893578548949
