temp,a_ii,a_jj,a_ij,a_ji,nd,rfd,error
32C,NA,NA,NA,NA,NA,NA,NA
34C,NA,NA,NA,NA,NA,NA,NA
36C,NA,NA,NA,NA,NA,NA,NA
38C,0.441798526345289,0,2.00005595370239,2,-Inf,Inf,181.108750205237
40C,0.336306767733661,0,2.0001,2,-Inf,Inf,281.35703391624
