temp,a_ii,a_jj,a_ij,a_ji,nd,rfd,error
32C,0,0.234560999164303,3.5,1,-Inf,0,257.505879950906
34C,NA,NA,NA,NA,NA,NA,NA
36C,NA,NA,NA,NA,NA,NA,NA
38C,0.0849748071453489,0.718021465739745,3.5,1.0001,-6.57428998103434,0.643559474453895,152.107817013413
40C,NA,NA,NA,NA,NA,NA,NA
