temp,a_ii,a_jj,a_ij,a_ji,nd,rfd,error
32C,0,4.89901032156205,3.5,-2.999903307299,NaN,0,160.340366556465
34C,0,4.55109613049463,3.5,-3,NaN,0,147.433551556047
36C,1.16335131076007,1.39438034536169,3.5,-2.9999,NaN,NaN,173.09951827309
38C,NA,NA,NA,NA,NA,NA,NA
40C,NA,NA,NA,NA,NA,NA,NA
