temp,a_ii,a_jj,a_ij,a_ji,nd,rfd,error
32C,1.24168162793285,0.241711992570605,0.2,0.3,0.552882778000251,1.85059080029821,100.804016385214
34C,0.959350202241736,0.195398750657803,0.2,0.3,0.434247934526337,1.80918119476946,71.5969844426408
36C,0.574899833191727,0.230804770790141,0.2,0.3,0.327554420314084,1.28862950530649,13.3560042821225
38C,0.427065216955947,0.276254619697156,0.2,0.3,0.286861718681247,1.01518851610328,11.3791157880458
40C,0.332552506127917,0.416802986481526,0.2,0.3,0.342069375847305,0.72932159306761,8.03287096466382
