temp,a_ii,a_jj,a_ij,a_ji,nd,rfd,error
32C,NA,NA,NA,NA,NA,NA,NA
34C,6.74055124669805,1.0899590908047,0.5,0.5,0.815533631580061,2.48681001925376,51.8838457694714
36C,2.28560882511529,1.10550694835722,0.5,0.5001,0.685419542984701,1.43772819188756,10.4888754010745
38C,2.15276169396057,1.90570981961024,0.5,0.5,0.753144027039572,1.06284416502915,7.29030463284693
40C,1.38432720518694,11.7618184479727,0.5001,0.5001,0.876063210490871,0.343069524977035,6.98095816849882
