temp,a_ii,a_jj,a_ij,a_ji,nd,rfd,error
32C,2.48047033581509,1.44918780040323,-1.4999,1e-04,NaN,NaN,347.490484831858
34C,1.37935620171674,1.08334591601057,-1.4999,1e-04,NaN,NaN,385.173774526388
36C,NA,NA,NA,NA,NA,NA,NA
38C,3.09276099798566,2.88264189485304,-1.5,0,1,NaN,3.84721873316859
40C,NA,NA,NA,NA,NA,NA,NA
