temp,a_ii,a_jj,a_ij,a_ji,nd,rfd,error
32C,12.9170079140597,1.52040319776612,0,-0.5,1,0,76.8435017751813
34C,NA,NA,NA,NA,NA,NA,NA
36C,3.95599793068177,1.36141997166731,0,-0.4999,1,0,8.66025243193589
38C,NA,NA,NA,NA,NA,NA,NA
40C,1.6071378154609,2.0260867829688,1e-04,-0.4999,NaN,NaN,345.24451388465
