temp,a_ii,a_jj,a_ij,a_ji,nd,rfd,error
32C,0,2.43623490200342,2.5,1.0001,-Inf,0,131.786104781035
34C,0,2.0403027615453,2.5,1,-Inf,0,122.406786341992
36C,0,2.28872114942777,2.5,1,-Inf,0,62.9332851128643
38C,1.21762600928451,0.884476131856301,2.5,1,-0.523596573633809,1.85517081571328,14.2621413484855
40C,NA,NA,NA,NA,NA,NA,NA
