temp,a_ii,a_jj,a_ij,a_ji,nd,rfd,error
32C,2.31072751191158,1.44919641575238,-3.4999,3.0001,NaN,NaN,347.490484851113
34C,1.49132936173329,0.52676875175821,-3.4999,3.0001,NaN,NaN,678.796552233132
36C,NA,NA,NA,NA,NA,NA,NA
38C,8.00003619848397,0,-3.5,3,NaN,NaN,71.6690326170609
40C,4.04270509176828,0,-3.5,3,NaN,NaN,119.016709308468
