temp,a_ii,a_jj,a_ij,a_ji,nd,rfd,error
32C,0,0.519977649629524,0.5,-0.49990115188623,NaN,0,122.101338431078
34C,0,0.530434622752394,0.5,-0.5,NaN,0,108.659812200429
36C,0,0.680219001340033,0.5,-0.4999,NaN,0,32.5260574906898
38C,0.273127956210764,1.95969974616527,0.5,-0.4999,NaN,NaN,7.76074003851809
40C,0.343160489471129,3.62498358715269,0.5001,-0.4999,NaN,NaN,315.647491866773
