temp,a_ii,a_jj,a_ij,a_ji,nd,rfd,error
32C,1.26362648506943,1.44919205808244,1e-04,-4.9999,NaN,NaN,347.490484823764
34C,1.13748816539684,1.08334440840954,1e-04,-4.9999,NaN,NaN,385.173774532934
36C,1.13961253983928,1.20483761412398,1e-04,-4.9999,NaN,NaN,224.447749869533
38C,2.38965043572709,2.91568808359829,1e-04,-5,NaN,NaN,232.453576498429
40C,NA,NA,NA,NA,NA,NA,NA
