temp,a_ii,a_jj,a_ij,a_ji,nd,rfd,error
32C,0.614458799375308,0.493909869123373,0.500007923963041,4.5001,-1.72288493912001,0.371791873631428,230.445691275589
34C,NA,NA,NA,NA,NA,NA,NA
36C,NA,NA,NA,NA,NA,NA,NA
38C,5.40837367613997,0,0.5001,4.5,-Inf,Inf,121.158230957321
40C,NA,NA,NA,NA,NA,NA,NA
