temp,a_ii,a_jj,a_ij,a_ji,nd,rfd,error
32C,0.629338151097893,0.30604466680753,4,-4.4999,NaN,NaN,258.888135987788
34C,0,0.246262366632672,4,-4.4999,NaN,0,284.760243216987
36C,3.8982032352705,0.310148043361563,4.0001,-4.4999,NaN,NaN,210.383780435978
38C,NA,NA,NA,NA,NA,NA,NA
40C,NA,NA,NA,NA,NA,NA,NA
