temp,a_ii,a_jj,a_ij,a_ji,nd,rfd,error
32C,0,4.74563114582732,3.5,-2.49991023151121,NaN,0,160.377172471045
34C,0,4.37005783671861,3.5,-2.5,NaN,0,148.256345750353
36C,0,1.42914031794123,3.5,-2.4999,NaN,0,169.173248937204
38C,0.630395598893173,8.44598486593266,3.5,-2.4999,NaN,NaN,10.1703596423112
40C,0.591903048983579,1.93788716474127,3.5001,-2.4999,NaN,NaN,597.511402557298
