temp,a_ii,a_jj,a_ij,a_ji,nd,rfd,error
32C,1.6496290419245,0.589868644112761,-3.9999,0.5001,NaN,NaN,459.066761251174
34C,NA,NA,NA,NA,NA,NA,NA
36C,3.95782649949873,0.595981984050879,-3.9999,0.5001,NaN,NaN,220.937435242583
38C,4.22494084729939,1.9024713711551,-3.9999,0.5,NaN,NaN,5.07295500243012
40C,NA,NA,NA,NA,NA,NA,NA
