temp,a_ii,a_jj,a_ij,a_ji,nd,rfd,error
32C,0,1.86490957266419,4,1e-04,-Inf,0,202.245077959754
34C,0,1.25570372937818,4,1e-04,-Inf,0,198.83118833977
36C,0,1.24922530779003,4,1e-04,-Inf,0,150.90238902291
38C,0.5389605126659,3.18555307443647,4,0,1,Inf,12.416851064186
40C,0.542236375886321,1.25053873197761,4,1e-04,0.975712260422122,131.696958871794,630
