temp,a_ii,a_jj,a_ij,a_ji,nd,rfd,error
32C,1.81396419373368,1.44919791213707,-3.4999,3.5001,NaN,NaN,347.49048483826
34C,30.3975387481504,0.646439233046471,-3.4999,3.5,NaN,NaN,52.065210198601
36C,NA,NA,NA,NA,NA,NA,NA
38C,9.41095187823736,0,-3.5,3.5,NaN,NaN,88.9700009831491
40C,4.74109033186008,0,-3.5,3.5,NaN,NaN,141.481343583256
