temp,a_ii,a_jj,a_ij,a_ji,nd,rfd,error
32C,0.500013012968273,0.51049318264783,2.5001,-3.49990024163214,NaN,NaN,377.643265416934
34C,0,3.28532065409189,2.5,-3.5,NaN,0,114.03180070668
36C,0,5.17420502008849,2.5,-3.5,NaN,0,60.464511196067
38C,NA,NA,NA,NA,NA,NA,NA
40C,NA,NA,NA,NA,NA,NA,NA
