temp,a_ii,a_jj,a_ij,a_ji,nd,rfd,error
32C,0.499924183048449,0.507482068193739,2.0001,-2.4999,NaN,NaN,364.985080146348
34C,0,2.39102634740663,2,-2.5,NaN,0,97.7336177132705
36C,0,3.62912289417015,2,-2.5,NaN,0,45.0570694313559
38C,1.34493003745463,8.27318307071112,2,-2.4999,NaN,NaN,8.65196960655235
40C,NA,NA,NA,NA,NA,NA,NA
