temp,a_ii,a_jj,a_ij,a_ji,nd,rfd,error
32C,NA,NA,NA,NA,NA,NA,NA
34C,NA,NA,NA,NA,NA,NA,NA
36C,2.27795521152715,1.26324616876237,0.5,1e-04,0.995831609313665,94.9540728761748,11.307836590348
38C,2.15384331199961,2.90369062240982,0.5,0,1,Inf,5.23897404775678
40C,0.517525066812642,1.49843468919359,0.50001274275469,1e-04,0.991970177747211,41.5563429786845,630
