temp,a_ii,a_jj,a_ij,a_ji,nd,rfd,error
32C,NA,NA,NA,NA,NA,NA,NA
34C,2.07291861664656,0,-0.4999,5,NaN,NaN,310.835133890393
36C,1.19120744851352,0,-0.5,5,NaN,NaN,200.134075855562
38C,0.495045202233895,0,-0.5,5,NaN,NaN,211.977343949628
40C,0.340431099688332,0,-0.5,5,NaN,NaN,304.85312381185
