temp,a_ii,a_jj,a_ij,a_ji,nd,rfd,error
32C,0,4.27734860408305,3.5,-0.999997352173097,NaN,0,160.385846213507
34C,0,3.81799322705644,3.5,-1,NaN,0,150.560730293173
36C,0,1.35455707172482,3.5,-0.9999,NaN,0,155.55590949671
38C,0.691970667623829,5.2344170052878,3.5,-1,NaN,NaN,9.51779925282587
40C,NA,NA,NA,NA,NA,NA,NA
