temp,a_ii,a_jj,a_ij,a_ji,nd,rfd,error
32C,11.1235902912201,0.0240750278198272,-1.4999,1.5,NaN,NaN,69.4307760155265
34C,11.1249902242949,0,-1.4999,1.5,NaN,NaN,74.0906640514335
36C,8.3769157072797,0,-1.4999,1.5,NaN,NaN,35.3353210087982
38C,0.553801347935455,0,-1.4999,1.5,NaN,NaN,181.585560349985
40C,0.347985440672105,0,-1.4999,1.5,NaN,NaN,277.586035114581
