temp,a_ii,a_jj,a_ij,a_ji,nd,rfd,error
32C,0,3.30080797861474,3,1e-04,-Inf,0,146.799603578776
34C,0,2.87109205265145,3,0,NaN,NaN,137.536846479667
36C,0,3.57251062530765,3,0,NaN,NaN,75.3626814045491
38C,0.98866055092419,3.08895322946494,3,0,1,Inf,10.0835453269107
40C,0.52898532356826,1.3441508799924,3,1e-04,0.979459320533858,108.657179737091,630
