temp,a_ii,a_jj,a_ij,a_ji,nd,rfd,error
32C,0,3.95832633252319,3.5,6.44226403051756e-05,-Inf,0,160.308843258391
34C,0,3.44127978836391,3.5,0,NaN,NaN,151.916417332968
36C,0,1.29274232481575,3.5,1e-04,-Inf,0,145.679557745776
38C,NA,NA,NA,NA,NA,NA,NA
40C,0.536444493906149,1.29223379110479,3.5,1e-04,0.977530103113142,120.538524635939,630
