temp,a_ii,a_jj,a_ij,a_ji,nd,rfd,error
32C,1.54609423810969,1.44919631865082,-0.4999,2.5001,NaN,NaN,347.490484864923
34C,12.7206254368575,0.704865099814797,-0.5,2.5,NaN,NaN,40.0059226476675
36C,5.68130127691398,0.493068478744437,-0.4999,2.5,NaN,NaN,6.58843257666506
38C,4.34939572843562,0,-0.5,2.5,NaN,NaN,56.3337282978786
40C,NA,NA,NA,NA,NA,NA,NA
