temp,a_ii,a_jj,a_ij,a_ji,nd,rfd,error
32C,1.79272240482762,1.44919860617116,1e-04,5,0.986127187222044,0.00497402045700417,347.490484931536
34C,NA,NA,NA,NA,NA,NA,NA
36C,4.40348102116422,0,0,5,NaN,NaN,23.2297903305058
38C,6.84156138728416,0,1e-04,5,-Inf,Inf,131.093290450626
40C,0.555935660259412,0.500178344144709,1e-04,5.00009997009172,0.957595237491349,0.00471476966148701,513.883957482717
