temp,a_ii,a_jj,a_ij,a_ji,nd,rfd,error
32C,NA,NA,NA,NA,NA,NA,NA
34C,0.540976996414579,0.505516171430036,0.5001,2.50000379296379,-1.13816804795167,0.462679189394044,189.272299594379
36C,NA,NA,NA,NA,NA,NA,NA
38C,3.51546202427358,0,0.5,2.5,-Inf,Inf,57.7244981955922
40C,NA,NA,NA,NA,NA,NA,NA
