temp,a_ii,a_jj,a_ij,a_ji,nd,rfd,error
32C,0,1.89425075790672,4,-0.9999,NaN,0,204.240695750375
34C,0,1.31237394654876,4,-0.9999,NaN,0,202.398096625539
36C,0,1.30448873074333,4,-0.9999,NaN,0,159.499470719055
38C,NA,NA,NA,NA,NA,NA,NA
40C,NA,NA,NA,NA,NA,NA,NA
