temp,a_ii,a_jj,a_ij,a_ji,nd,rfd,error
32C,NA,NA,NA,NA,NA,NA,NA
34C,0,2.9494008160327,2,-5,NaN,0,92.0739130854638
36C,0,4.9487748391143,2,-4.9999,NaN,0,45.6054685971777
38C,1.28219894519095,13.9558570953616,2,-4.9999,NaN,NaN,11.9954598561015
40C,NA,NA,NA,NA,NA,NA,NA
