temp,a_ii,a_jj,a_ij,a_ji,nd,rfd,error
32C,NA,NA,NA,NA,NA,NA,NA
34C,1.07607294556035,1.68608907174612,1.5,-1,NaN,NaN,85.3885778949988
36C,0,2.13339021741294,1.5,-1,NaN,0,29.0622361715609
38C,NA,NA,NA,NA,NA,NA,NA
40C,1.41137339862776,5.76562437367673,1.5001,-0.9999,NaN,NaN,315.647491848642
