temp,a_ii,a_jj,a_ij,a_ji,nd,rfd,error
32C,0,2.11334412160755,2,0,NaN,NaN,117.279145628268
34C,0,1.81945380127906,2,0,NaN,NaN,102.818533864626
36C,0,2.32337401589959,2,0,NaN,NaN,46.4003750083972
38C,0.520777508448781,0.510814844064137,2.0001,1e-04,0.972579965897516,142.797370414722,265.609063440918
40C,0.511611668348601,1.45866445616236,2.00000118527621,1e-04,0.983629301662405,83.7544028852856,630
