temp,a_ii,a_jj,a_ij,a_ji,nd,rfd,error
32C,0.658888531381961,0.877760735465599,1.0001,3.00009735227929,-1.27769379372667,0.500232539969476,122.21824363968
34C,NA,NA,NA,NA,NA,NA,NA
36C,NA,NA,NA,NA,NA,NA,NA
38C,3.50450259925569,0,1,3,-Inf,Inf,78.4914601958301
40C,NA,NA,NA,NA,NA,NA,NA
