temp,a_ii,a_jj,a_ij,a_ji,nd,rfd,error
32C,NA,NA,NA,NA,NA,NA,NA
34C,1.45697440371962,0.500576576508874,1e-04,1.00008245153232,0.988290005787356,0.0170597552325677,427.191391237109
36C,0.649324602749096,1.20483681725706,1e-04,1.0001,0.988693539513807,0.00734082888080743,224.447749865707
38C,2.35958335658369,0.864770550906877,0,1,1,0,10.0779389946838
40C,NA,NA,NA,NA,NA,NA,NA
