temp,a_ii,a_jj,a_ij,a_ji,nd,rfd,error
32C,NA,NA,NA,NA,NA,NA,NA
34C,1.58471552190855,1.08334351212908,-2.9999,3.5001,NaN,NaN,385.173774536789
36C,13.9401882776551,0.253743404881822,-2.9999,3.5,NaN,NaN,16.1071333256025
38C,8.88896474614007,0,-3,3.5,NaN,NaN,89.8253442510968
40C,NA,NA,NA,NA,NA,NA,NA
