temp,a_ii,a_jj,a_ij,a_ji,nd,rfd,error
32C,3.36616527543533,1.4491956614929,-1.9999,2.0001,NaN,NaN,347.490484829403
34C,NA,NA,NA,NA,NA,NA,NA
36C,NA,NA,NA,NA,NA,NA,NA
38C,4.41866064948605,0,-2,2,NaN,NaN,30.9850438743198
40C,NA,NA,NA,NA,NA,NA,NA
