temp,a_ii,a_jj,a_ij,a_ji,nd,rfd,error
32C,1.94367059895464,1.44919787227363,-2.9999,3.0001,NaN,NaN,347.490484836643
34C,1.88297055507326,1.08334326511225,-2.9999,3.0001,NaN,NaN,385.173774540323
36C,NA,NA,NA,NA,NA,NA,NA
38C,7.55528630635048,0,-3,3,NaN,NaN,72.4605311486068
40C,3.97441130070927,0,-3,3,NaN,NaN,119.155648341389
