temp,a_ii,a_jj,a_ij,a_ji,nd,rfd,error
32C,0,3.72363971321632,4,2.5001,-Inf,0,171.521881766903
34C,0,1.10808402630291,4,2.5001,-Inf,0,190.994057029337
36C,NA,NA,NA,NA,NA,NA,NA
38C,0.784727894722231,0,4.0001,2.5,-Inf,Inf,57.5571971400888
40C,NA,NA,NA,NA,NA,NA,NA
