temp,a_ii,a_jj,a_ij,a_ji,nd,rfd,error
32C,0,2.41371193405657,2,-1.49990573135916,NaN,0,117.16295573882
34C,0,2.16437291791909,2,-1.5,NaN,0,99.8764475021825
36C,0,3.1072065071996,2,-1.5,NaN,0,45.2969160844346
38C,1.38201675623673,6.09454228505611,2,-1.4999,NaN,NaN,7.21215985673378
40C,NA,NA,NA,NA,NA,NA,NA
