temp,a_ii,a_jj,a_ij,a_ji,nd,rfd,error
32C,1.63471044255911,1.44919977754065,-2.9999,0.5001,NaN,NaN,347.490484828252
34C,1.82150372848971,0.713246311120529,-2.9999,0.5001,NaN,NaN,614.336933913548
36C,3.9578163112347,0.646387466637603,-2.9999,0.5001,NaN,NaN,220.937435243784
38C,3.76922862153986,1.89234855511183,-3,0.5,NaN,NaN,5.06485594542997
40C,1.21725263967772,0.755773751766869,-3,0.5001,NaN,NaN,168.587735573821
