temp,a_ii,a_jj,a_ij,a_ji,nd,rfd,error
32C,1.64347649402926,1.44919433928377,-3.4999,0.5001,NaN,NaN,347.490484843297
34C,30.3713746513173,1.12901528541104,-3.4999,0.5,NaN,NaN,43.4104274877656
36C,3.957829915011,0.616702508529446,-3.4999,0.5001,NaN,NaN,220.93743524292
38C,3.99749813588659,1.89721364797687,-3.4999,0.5,NaN,NaN,5.05060172794339
40C,NA,NA,NA,NA,NA,NA,NA
