temp,a_ii,a_jj,a_ij,a_ji,nd,rfd,error
32C,8.07676023638814,1.44919519468103,-2.4999,2.0001,NaN,NaN,347.490484841363
34C,NA,NA,NA,NA,NA,NA,NA
36C,12.2397072580285,0.68936965158237,-2.4999,2,NaN,NaN,13.9822358406673
38C,4.72282077426526,0,-2.5,2,NaN,NaN,30.2562593584466
40C,2.58016157376751,0,-2.5,2,NaN,NaN,57.7312639321323
