temp,a_ii,a_jj,a_ij,a_ji,nd,rfd,error
32C,9.14079706359164,1.78169411802713,4,-4.9999,NaN,NaN,209.165111470968
34C,0.500989714367429,1.50794086022364,4,-4.9999,NaN,NaN,217.765599180485
36C,4.03618411815153,1.32984707805755,4,-4.9999,NaN,NaN,185.61007108854
38C,NA,NA,NA,NA,NA,NA,NA
40C,NA,NA,NA,NA,NA,NA,NA
