temp,a_ii,a_jj,a_ij,a_ji,nd,rfd,error
32C,4.40243260921125,1.3189772136804,1,2,0.413119076469389,1.29185185773759,103.25583909565
34C,0.50111429844638,0.749231361132643,1.0001,2.00009603906309,-1.30818581272816,0.578304687194411,95.1627743410529
36C,NA,NA,NA,NA,NA,NA,NA
38C,2.54190438360824,0,1,2,-Inf,Inf,35.3633247528673
40C,NA,NA,NA,NA,NA,NA,NA
