temp,a_ii,a_jj,a_ij,a_ji,nd,rfd,error
32C,NA,NA,NA,NA,NA,NA,NA
34C,NA,NA,NA,NA,NA,NA,NA
36C,0,0.288241321305761,5,1e-04,-Inf,0,186.464453265157
38C,0,0.876604029992524,5,1e-04,-Inf,0,162.735585468075
40C,0.0681019460964366,6.00782806649939,5,0,1,Inf,9.98640515494746
