temp,a_ii,a_jj,a_ij,a_ji,nd,rfd,error
32C,NA,NA,NA,NA,NA,NA,NA
34C,NA,NA,NA,NA,NA,NA,NA
36C,NA,NA,NA,NA,NA,NA,NA
38C,0.484576960905861,0,3,4,-Inf,Inf,207.926549089285
40C,0.316076678486329,0.492041294952375,3.0001,4,-7.78417255286237,0.694118020939879,309.517939694391
