temp,a_ii,a_jj,a_ij,a_ji,nd,rfd,error
32C,0,0.295822386392971,4,-2.9999,NaN,0,254.338705012995
34C,0,0.235803597343617,4,-2.9999,NaN,0,278.187726450426
36C,2.08664732945558,0.309331873662151,4,-2.9999,NaN,NaN,204.63977482085
38C,NA,NA,NA,NA,NA,NA,NA
40C,0.528767997109691,1.55277617075505,4.0001,-2.9999,NaN,NaN,533.28447788457
