temp,a_ii,a_jj,a_ij,a_ji,nd,rfd,error
32C,1.47236707371455,0.501862172126411,-0.9999,4.5001,NaN,NaN,482.339701276372
34C,15.7097291149039,0.424668357340197,-1,4.5,NaN,NaN,48.4458902576136
36C,7.66681822997515,0,-0.9999,4.5,NaN,NaN,12.9722497788856
38C,8.48998410502519,0,-1,4.5,NaN,NaN,120.735118112341
40C,1.48199532982242,0,-0.9999,4.5,NaN,NaN,265.865003609787
