temp,a_ii,a_jj,a_ij,a_ji,nd,rfd,error
32C,0.571821864447925,1.34931022556649,1.50003241802375,2.00008513388949,-0.971915401215188,0.563768172739567,109.269426856412
34C,0.502108393670855,1.04726696402653,1.5,2,-1.38854366285889,0.599653910885388,91.7656102602325
36C,NA,NA,NA,NA,NA,NA,NA
38C,2.21617584236919,0,1.5,2,-Inf,Inf,35.7855857690741
40C,NA,NA,NA,NA,NA,NA,NA
