temp,a_ii,a_jj,a_ij,a_ji,nd,rfd,error
32C,0.915759264502302,1.81483293264955,1.5,-0.5,NaN,NaN,109.02403809987
34C,1.01892680700012,1.58126887926951,1.5,-0.5,NaN,NaN,86.5323853888482
36C,0,1.93080876757168,1.5,-0.5,NaN,0,29.3203150867528
38C,1.6656261574225,3.96235975900453,1.5,-0.5,NaN,NaN,5.93123169697544
40C,NA,NA,NA,NA,NA,NA,NA
