temp,a_ii,a_jj,a_ij,a_ji,nd,rfd,error
32C,0,2.2141753478063,2,-0.5,NaN,0,117.257937299324
34C,0,1.93516801865437,2,-0.5,NaN,0,101.881015957521
36C,0,2.58552750957116,2,-0.5,NaN,0,45.9435146815502
38C,1.42622870490067,4.0088739276255,2,-0.5,NaN,NaN,6.83109035014356
40C,NA,NA,NA,NA,NA,NA,NA
