temp,a_ii,a_jj,a_ij,a_ji,nd,rfd,error
32C,NA,NA,NA,NA,NA,NA,NA
34C,6.733589637963,1.32863947021699,0.5,-1,NaN,NaN,48.0570907946582
36C,2.26530408274882,1.59397870558416,0.5,-0.9999,NaN,NaN,13.6770495045582
38C,2.13436172522026,4.91699288374063,0.5,-0.9999,NaN,NaN,4.72774203588963
40C,1.52587980087313,3.51431260448593,0.5001,-0.9999,NaN,NaN,334.445413916478
