temp,a_ii,a_jj,a_ij,a_ji,nd,rfd,error
32C,0,2.72908417068337,3,2.00000574211629,-Inf,0,146.535666562531
34C,0,2.19366997310361,3,2.00006717863217,-Inf,0,140.034550176011
36C,NA,NA,NA,NA,NA,NA,NA
38C,1.03998132325139,0,3.0001,2,-Inf,Inf,36.8038589647206
40C,NA,NA,NA,NA,NA,NA,NA
