temp,a_ii,a_jj,a_ij,a_ji,nd,rfd,error
32C,1.67052303365768,0.298601329273565,1,-0.4999,NaN,NaN,211.152313973099
34C,0,0.248678807661176,1,-0.4999,NaN,0,216.547174481211
36C,0,0.363197969246469,1,-0.4999,NaN,0,162.87327463459
38C,0.0392791064762695,2.05246027752381,1,-0.5,NaN,NaN,11.1203212584452
40C,0.343160533840653,4.28140936925684,1.0001,-0.4999,NaN,NaN,315.64749186733
