temp,a_ii,a_jj,a_ij,a_ji,nd,rfd,error
32C,0,3.44097781189548,3,-0.4999,NaN,0,146.822460586349
34C,0,3.03593420579624,3,-0.5,NaN,0,136.778011005386
36C,-5.55111512312578e-17,1.46015858370477,3,-0.4999,-136022910.275479,1.51045977170016e-08,144.05791881046
38C,NA,NA,NA,NA,NA,NA,NA
40C,NA,NA,NA,NA,NA,NA,NA
