temp,a_ii,a_jj,a_ij,a_ji,nd,rfd,error
32C,2.00168202789087,1.44919599054187,-0.9999,2.0001,NaN,NaN,347.49048485338
34C,1.57545182931443,1.08334344514255,-0.99991540758098,2.00008820104529,NaN,NaN,385.173774538616
36C,NA,NA,NA,NA,NA,NA,NA
38C,3.80559351983604,0,-1,2,NaN,NaN,32.5646755391906
40C,2.44318137792574,0,-1,2,NaN,NaN,58.0227364624045
