temp,a_ii,a_jj,a_ij,a_ji,nd,rfd,error
32C,0.23354455709772,0.303834347651774,4,-3.9999,NaN,NaN,257.228738460201
34C,NA,NA,NA,NA,NA,NA,NA
36C,3.22474334921845,0.310109912331565,4.0001,-3.9999,NaN,NaN,208.716349898668
38C,2.10213703265165,1.00037742177151,4,-3.9999,NaN,NaN,213.474454034308
40C,0.117495224610394,79.0183853258413,4,-3.9999,NaN,NaN,10.5826480189917
