temp,a_ii,a_jj,a_ij,a_ji,nd,rfd,error
32C,NA,NA,NA,NA,NA,NA,NA
34C,0.460371187191782,0.920295789699929,2,4.00009229380302,-3.34542460048408,0.500115531153228,110.692027770668
36C,0.5,0.5,2,4,-4.65685424949238,0.707106781186548,195.081983561565
38C,NA,NA,NA,NA,NA,NA,NA
40C,NA,NA,NA,NA,NA,NA,NA
