temp,a_ii,a_jj,a_ij,a_ji,nd,rfd,error
32C,1.77268562353939,1.44919670181361,-1.4999,2.5001,NaN,NaN,347.490484854491
34C,1.54074851141685,1.08334302369991,-1.4999,2.5001,NaN,NaN,385.173774549642
36C,9.0330636901152,0.523362207741926,-1.4999,2.5,NaN,NaN,10.7273827977586
38C,5.12963306243107,0,-1.5,2.5,NaN,NaN,54.5793212214515
40C,NA,NA,NA,NA,NA,NA,NA
