temp,a_ii,a_jj,a_ij,a_ji,nd,rfd,error
32C,1.51080273383807,0.502880018782404,-1.9999,4.5001,NaN,NaN,482.103328892282
34C,21.7453825330284,0.453797743052617,-1.9999,4.5,NaN,NaN,50.0894765697664
36C,11.0828718119565,0,-1.9999,4.5,NaN,NaN,14.9765055002555
38C,10.1865660436028,0,-2,4.5,NaN,NaN,118.823315338327
40C,1.47759144191519,0,-1.9999,4.5,NaN,NaN,266.840231971374
