temp,a_ii,a_jj,a_ij,a_ji,nd,rfd,error
32C,0,2.67934620178239,2.5,1e-04,-Inf,0,131.843332411757
34C,0,2.3251992778251,2.5,0,NaN,NaN,120.860282997567
36C,0,2.94132303598704,2.5,0,NaN,NaN,62.1023222673452
38C,1.21768280137655,3.03992496043839,2.5,0,1,Inf,8.90892144176211
40C,0.520297824957319,1.40346821103268,2.50000013598221,1e-04,0.981496975628473,96.2708333563758,630
