temp,a_ii,a_jj,a_ij,a_ji,nd,rfd,error
32C,3.95380582016156,1.44919442425148,-3.4999,4.0001,NaN,NaN,347.490484850438
34C,1.49259673545051,0.519751366997795,-3.4999,4.0001,NaN,NaN,673.153352576232
36C,NA,NA,NA,NA,NA,NA,NA
38C,10.8474627384002,0,-3.5,4,NaN,NaN,103.527094923812
40C,1.5198784033297,0,-3.4999,4,NaN,NaN,261.519497815052
