temp,a_ii,a_jj,a_ij,a_ji,nd,rfd,error
32C,NA,NA,NA,NA,NA,NA,NA
34C,NA,NA,NA,NA,NA,NA,NA
36C,0,0.271814986037371,2,0.5001,-Inf,0,157.263803564245
38C,0,0.415501427989824,2.00003169946669,0.5,-Inf,0,64.3757009895028
40C,NA,NA,NA,NA,NA,NA,NA
