temp,a_ii,a_jj,a_ij,a_ji,nd,rfd,error
32C,0,5.35193854638645,3.5,-4.5,NaN,0,160.128405373005
34C,0,5.08517662670265,3.5,-4.5,NaN,0,144.865683466135
36C,3.57994657144744,1.35985014301456,3.5,-4.4999,NaN,NaN,182.059520818075
38C,0.503241536929721,0.687612328130709,3.5001,-4.4999,NaN,NaN,375.268878307239
40C,NA,NA,NA,NA,NA,NA,NA
