temp,a_ii,a_jj,a_ij,a_ji,nd,rfd,error
32C,26.5373182471993,0,-2.4999,3,NaN,NaN,129.786057588769
34C,32.7813770107441,-5.55111512312578e-17,-2.4999,3,-64197516.1957066,701494338.115396,163.290192685922
36C,1.30058090283044,0,-2.4999,3,NaN,NaN,193.860418319141
38C,0.509602545244314,0,-2.4999,3,NaN,NaN,200.991063134767
40C,NA,NA,NA,NA,NA,NA,NA
