temp,a_ii,a_jj,a_ij,a_ji,nd,rfd,error
32C,0,1.70790310806522,2,2.00000323532964,-Inf,0,117.206926357407
34C,0,1.35013592276702,2,2,-Inf,0,106.05643441957
36C,NA,NA,NA,NA,NA,NA,NA
38C,1.89060763746236,0,2,2,-Inf,Inf,36.0627210817569
40C,NA,NA,NA,NA,NA,NA,NA
