temp,a_ii,a_jj,a_ij,a_ji,nd,rfd,error
32C,6.6841776897724,1.62311074075943,5,-2.4999,NaN,NaN,216.048250864315
34C,0,1.27459844762046,5,-2.4999,NaN,0,220.258977701917
36C,0,1.30996084944835,5,-2.4999,NaN,0,174.913199203321
38C,0,8.80965615732734,5,-2.4999,NaN,0,11.8052139717003
40C,0.556519803359886,1.52625173121669,5.0001,-2.4999,NaN,NaN,630
