temp,a_ii,a_jj,a_ij,a_ji,nd,rfd,error
32C,19.1094816472845,1.3102024247828,-1,0.5,NaN,NaN,60.5962600485388
34C,3.20633280260939,1.0833449209773,-0.9999,0.5001,NaN,NaN,385.17377453735
36C,7.33387400066961,1.08925870975815,-0.9999,0.5001,NaN,NaN,8.76283585404695
38C,2.84777953144848,1.88376261044096,-1,0.5,NaN,NaN,5.72112185431513
40C,NA,NA,NA,NA,NA,NA,NA
