temp,a_ii,a_jj,a_ij,a_ji,nd,rfd,error
32C,1.68760172079108,1.44919618015789,1e-04,2.5,0.989889527919437,0.00682498003246743,347.490484852829
34C,NA,NA,NA,NA,NA,NA,NA
36C,NA,NA,NA,NA,NA,NA,NA
38C,3.94138544832553,0,0,2.5,NaN,NaN,57.1042553952657
40C,NA,NA,NA,NA,NA,NA,NA
