temp,a_ii,a_jj,a_ij,a_ji,nd,rfd,error
32C,NA,NA,NA,NA,NA,NA,NA
34C,2.27977047828697,0,-1.4999,4.5,NaN,NaN,313.472062087217
36C,1.21185169343529,0,-1.4999,4.5,NaN,NaN,198.308115693953
38C,0.495737106740261,0,-1.4999,4.5,NaN,NaN,209.649072471707
40C,0.340422324286731,0,-1.5,4.5,NaN,NaN,303.559642402273
