temp,a_ii,a_jj,a_ij,a_ji,nd,rfd,error
32C,2.81615019876089,1.04540696930754,0,-4.9999,1,0,72.1967800593854
34C,2.00320432597928,1.05987597251464,0,-4.9999,1,0,31.9259482894696
36C,1.08405893751048,1.93229062937,0,-4.9999,1,0,30.1879135905755
38C,NA,NA,NA,NA,NA,NA,NA
40C,0.68104325310906,1.48508924099882,4.9870618047796e-05,-4.99995012938195,NaN,NaN,600.729278665512
