temp,a_ii,a_jj,a_ij,a_ji,nd,rfd,error
32C,1.49195880640275,0.502269420028166,-0.9999,4.0001,NaN,NaN,482.24524839556
34C,15.7359584528913,0.498426808837552,-1,4,NaN,NaN,45.8563482266973
36C,7.43676633572203,0.0975108981448492,-0.9999,4,NaN,NaN,11.326928244465
38C,7.64164646831045,0,-1,4,NaN,NaN,108.452023075862
40C,1.54768293245847,0,-0.9999,4,NaN,NaN,258.416306690528
