temp,a_ii,a_jj,a_ij,a_ji,nd,rfd,error
32C,1.73858618800471,1.44919584690061,1e-04,4,0.987400063896737,0.00547651871971873,347.490484851779
34C,9.54564399076879,0.494432022670466,0,4,1,0,53.9005055131189
36C,3.92915683798163,0.0988539736233852,0,4,1,0,14.5229445634169
38C,5.85008525210656,0,0,4,NaN,NaN,109.565974168028
40C,NA,NA,NA,NA,NA,NA,NA
