temp,a_ii,a_jj,a_ij,a_ji,nd,rfd,error
32C,0,3.15724485396151,2.5,-2,NaN,0,131.731608519868
34C,0,2.87979147003175,2.5,-2,NaN,0,117.162920675611
36C,0,4.21833140711207,2.5,-2,NaN,0,60.7682836618396
38C,1.12066065773041,7.23303982990563,2.5,-1.9999,NaN,NaN,8.49223639737543
40C,NA,NA,NA,NA,NA,NA,NA
