temp,a_ii,a_jj,a_ij,a_ji,nd,rfd,error
32C,3.16781440165823,1.4491966432751,-2.9999,4.0001,NaN,NaN,347.49048484349
34C,NA,NA,NA,NA,NA,NA,NA
36C,13.9843109864261,0.10859947006503,-2.9999,4,NaN,NaN,16.5155634138125
38C,10.2449698216046,0,-3,4,NaN,NaN,104.432469635614
40C,1.5241257006383,0,-2.9999,4,NaN,NaN,260.970386820449
