temp,a_ii,a_jj,a_ij,a_ji,nd,rfd,error
32C,NA,NA,NA,NA,NA,NA,NA
34C,1.17161439972467,2.09193424463131,1.5,-3,NaN,NaN,80.7597369816127
36C,0,2.94938668171367,1.5,-2.9999,NaN,0,29.3143226262155
38C,1.57044302634495,9.33803863476288,1.5,-2.9999,NaN,NaN,9.02218087606335
40C,NA,NA,NA,NA,NA,NA,NA
