temp,a_ii,a_jj,a_ij,a_ji,nd,rfd,error
32C,1.56755252489676,0.503237233984546,-2.9999,5.0001,NaN,NaN,482.020179551939
34C,1.48674906197441,0.515458071248877,-2.9999,5.0001,NaN,NaN,654.669979325332
36C,15.9056600913183,0,-2.9999,5,NaN,NaN,20.4244412623309
38C,2.40943732927223,0,-2.9999,5,NaN,NaN,178.264743880842
40C,1.44708249107305,0,-2.9999,5,NaN,NaN,272.894472308628
