temp,a_ii,a_jj,a_ij,a_ji,nd,rfd,error
32C,0.500144794067213,0.516666943024294,2.0001,-3.9999,NaN,NaN,388.516367548847
34C,0,2.72726240551307,2,-4,NaN,0,94.3610741625519
36C,0,4.41782747077516,2,-3.9999,NaN,0,45.2591889751967
38C,1.30277651943931,11.6552885829679,2,-3.9999,NaN,NaN,10.8249790662524
40C,1.13700733322597,20.6060793683403,2.0001,-3.9999,NaN,NaN,321.711083795787
