temp,a_ii,a_jj,a_ij,a_ji,nd,rfd,error
32C,0.494346027479462,2.69153230104436,3,2.50009999224525,-1.37423659359557,0.469458994432572,150.07190468997
34C,NA,NA,NA,NA,NA,NA,NA
36C,NA,NA,NA,NA,NA,NA,NA
38C,1.38372862218661,0,3.00009398930049,2.5,-Inf,Inf,57.9232422268647
40C,NA,NA,NA,NA,NA,NA,NA
