temp,a_ii,a_jj,a_ij,a_ji,nd,rfd,error
32C,7.4011222993127,1.44918841432562,-2.4999,3.0001,NaN,NaN,347.490484844746
34C,1.84731787211368,1.08334348550606,-2.4999,3.0001,NaN,NaN,385.173774537055
36C,12.3007850328253,0.3952233192014,-2.4999,3,NaN,NaN,14.4481930307919
38C,7.10668865835736,0,-2.5,3,NaN,NaN,73.3286466462476
40C,NA,NA,NA,NA,NA,NA,NA
