temp,a_ii,a_jj,a_ij,a_ji,nd,rfd,error
32C,3.29801086739198,1.44919648000667,-0.4999,1e-04,NaN,NaN,347.490484877546
34C,1.67972094998913,1.08333624533276,-0.4999,1e-04,NaN,NaN,385.17377449017
36C,NA,NA,NA,NA,NA,NA,NA
38C,2.62497143861083,2.88259035769499,-0.5,0,1,NaN,4.29603456327952
40C,0.557974907416063,1.68253708639524,-0.499986262505383,1e-04,NaN,NaN,629.999999999964
