temp,a_ii,a_jj,a_ij,a_ji,nd,rfd,error
32C,NA,NA,NA,NA,NA,NA,NA
34C,0,1.46749200916543,2,1.5,-Inf,0,105.32665266926
36C,0,1.52956977374881,2,1.5001,-Inf,0,47.8265157826896
38C,1.49692374290364,0,2,1.5,-Inf,Inf,17.5615207579186
40C,NA,NA,NA,NA,NA,NA,NA
