temp,a_ii,a_jj,a_ij,a_ji,nd,rfd,error
32C,0,2.87011551412012,3,1.5001,-Inf,0,146.625605419765
34C,0,2.36583149066776,3,1.5,-Inf,0,139.496675023618
36C,0,2.41119722979687,3,1.5,-Inf,0,76.2832475722612
38C,1.01849698097427,0,3,1.5,-Inf,Inf,18.3557792423824
40C,NA,NA,NA,NA,NA,NA,NA
