temp,a_ii,a_jj,a_ij,a_ji,nd,rfd,error
32C,0.878838726472401,0.306911435779524,3.5,-3.9999,NaN,NaN,254.92948205357
34C,NA,NA,NA,NA,NA,NA,NA
36C,NA,NA,NA,NA,NA,NA,NA
38C,NA,NA,NA,NA,NA,NA,NA
40C,0.144865649622571,79.0051651495917,3.5,-3.9999,NaN,NaN,10.5699943779313
