temp,a_ii,a_jj,a_ij,a_ji,nd,rfd,error
32C,1.09542388613643,0.304235341683658,2.5,-2.4999,NaN,NaN,243.05424003021
34C,NA,NA,NA,NA,NA,NA,NA
36C,2.25879035991983,0.314354784121952,2.5,-2.4999,NaN,NaN,201.471995647555
38C,1.37118012745178,1.09485764340793,2.5,-2.4999,NaN,NaN,199.146475121025
40C,0.735493577289125,5.6827220315097,2.5001,-2.4999,NaN,NaN,321.711083794005
