temp,a_ii,a_jj,a_ij,a_ji,nd,rfd,error
32C,0.552562558165081,1.52539668456623,2.5,5.0001,-2.85103285250851,0.425578801335948,134.638877102681
34C,NA,NA,NA,NA,NA,NA,NA
36C,NA,NA,NA,NA,NA,NA,NA
38C,NA,NA,NA,NA,NA,NA,NA
40C,NA,NA,NA,NA,NA,NA,NA
