temp,a_ii,a_jj,a_ij,a_ji,nd,rfd,error
32C,NA,NA,NA,NA,NA,NA,NA
34C,2.11193600389021,1.61487817946997,-2.9999,1e-04,NaN,NaN,371.755139405054
36C,1.22344337166152,1.20500608022974,-2.9999,1e-04,NaN,NaN,220.937435242877
38C,1.87169457051472,0.935781630429175,-2.9999,0,1,NaN,7.00953135096522
40C,0.691343034095134,1.54481187835419,-3,1e-04,NaN,NaN,348.109610312985
