temp,a_ii,a_jj,a_ij,a_ji,nd,rfd,error
32C,4.46514497727719,1.40527713557293,1,1.5,0.511069806917611,1.45542946392066,102.926577021531
34C,3.98406932618971,1.06894994155691,1,1.5,0.40652353369007,1.5763009234939,74.3269645764804
36C,0.736454363332077,0.896462028890603,1,1.5,-0.507324506903471,0.740050473377621,21.5808233420959
38C,1.97758114819623,0,1,1.5,-Inf,Inf,16.4414098845328
40C,NA,NA,NA,NA,NA,NA,NA
