temp,a_ii,a_jj,a_ij,a_ji,nd,rfd,error
32C,19.1594240716613,0.118168251185574,-2.9999,1,NaN,NaN,73.4069634021344
34C,NA,NA,NA,NA,NA,NA,NA
36C,10.8876469493309,0.0276463685493805,-2.9999,1,NaN,NaN,24.7597724509315
38C,3.99687250549242,0,-2.9999,1,NaN,NaN,76.9285453391417
40C,0.37101286435202,0,-2.9999,1,NaN,NaN,263.012025519337
