temp,a_ii,a_jj,a_ij,a_ji,nd,rfd,error
32C,NA,NA,NA,NA,NA,NA,NA
34C,NA,NA,NA,NA,NA,NA,NA
36C,0.514844352201888,0.558616699565975,1.000098861352,4.50009993189164,-2.95582992694819,0.452575882088106,61.9867788214606
38C,4.54928554321898,0,1.0001,4.5,-Inf,Inf,120.810253494887
40C,1.49516426053316,0,1.0001,4.5,-Inf,Inf,263.505792797173
