temp,a_ii,a_jj,a_ij,a_ji,nd,rfd,error
32C,24.6332997510855,0,-3.4999,2,NaN,NaN,85.8819616618672
34C,28.6448067528293,0,-3.4999,2,NaN,NaN,105.701251413395
36C,1.57931824032549,0,-3.4999,2,NaN,NaN,194.393823850747
38C,0.550882256460333,0,-3.4999,2,NaN,NaN,195.47788533124
40C,0.344281976226865,0,-3.4999,2,NaN,NaN,287.855464593275
