temp,a_ii,a_jj,a_ij,a_ji,nd,rfd,error
32C,0,3.58064972466449,3,-1,NaN,0,146.827242581901
34C,0,3.19913279266621,3,-1,NaN,0,135.972951739495
36C,0,1.49226053159417,3,-0.9999,NaN,0,149.735275818863
38C,0.925207585513293,5.16525962558294,3,-1,NaN,NaN,8.56272278229197
40C,NA,NA,NA,NA,NA,NA,NA
