temp,a_ii,a_jj,a_ij,a_ji,nd,rfd,error
32C,0.499787737460728,0.502513853762867,3.0001,-2.99990138903715,NaN,NaN,369.301533631729
34C,0,3.83814157482159,3,-3,NaN,0,132.389511587345
36C,0,1.60941039946626,3,-2.9999,NaN,0,169.880408692117
38C,0.505479045023298,0.649958338710257,3.0001,-2.9999,NaN,NaN,376.395792870993
40C,NA,NA,NA,NA,NA,NA,NA
