temp,a_ii,a_jj,a_ij,a_ji,nd,rfd,error
32C,15.5744080981909,0.827586075876068,-0.5,4,NaN,NaN,75.6003666622216
34C,12.627801175611,0.485873091290356,-0.5,4,NaN,NaN,47.4442644377932
36C,5.70643526242247,0.0947419392213581,-0.5,4,NaN,NaN,10.9015363449359
38C,6.79759857452148,0,-0.5,4,NaN,NaN,109.204684235769
40C,1.55647388716466,0,-0.4999,4,NaN,NaN,257.667541395003
