temp,a_ii,a_jj,a_ij,a_ji,nd,rfd,error
32C,0.532725681692416,1.90096775400407,2.5,3.5000985669903,-1.93948297936637,0.447398278658403,134.813894367506
34C,0,1.31864683467403,2.5,3.5,-Inf,0,125.272982495907
36C,NA,NA,NA,NA,NA,NA,NA
38C,NA,NA,NA,NA,NA,NA,NA
40C,NA,NA,NA,NA,NA,NA,NA
