temp,a_ii,a_jj,a_ij,a_ji,nd,rfd,error
32C,1.60325341414363,0.597339985598179,-1.9999,0.5001,NaN,NaN,456.8698059679
34C,NA,NA,NA,NA,NA,NA,NA
36C,10.5782509837814,1.12484578966101,-1.9999,0.5001,NaN,NaN,12.4108971100502
38C,3.31002164718493,1.8849802116496,-2,0.5,NaN,NaN,5.24507052285404
40C,NA,NA,NA,NA,NA,NA,NA
