temp,a_ii,a_jj,a_ij,a_ji,nd,rfd,error
32C,NA,NA,NA,NA,NA,NA,NA
34C,6.7365718588542,1.24828389776918,0.5,-0.5,NaN,NaN,49.1802645457097
36C,2.27194394388828,1.42650953867112,0.5,-0.4999,NaN,NaN,12.4233403432073
38C,2.14675964130872,3.90091010254246,0.5,-0.5,NaN,NaN,4.53940761799219
40C,1.53314991496806,2.92624633223759,0.5001,-0.4999,NaN,NaN,337.113928051897
