temp,a_ii,a_jj,a_ij,a_ji,nd,rfd,error
32C,8.56395830751935,1.71399726848103,4.5,-4.4999,NaN,NaN,213.247949614692
34C,0,1.40734666052714,4.5,-4.4999,NaN,0,221.594330799476
36C,3.15532543427398,1.314595144369,4.5,-4.4999,NaN,NaN,184.40273904652
38C,0.133064710109615,12.9913057901476,4.5,-4.4999,NaN,NaN,12.5640913432902
40C,NA,NA,NA,NA,NA,NA,NA
