temp,a_ii,a_jj,a_ij,a_ji,nd,rfd,error
32C,24.6781775654507,1.25729430767409,-2,1,NaN,NaN,54.7689024254976
34C,NA,NA,NA,NA,NA,NA,NA
36C,NA,NA,NA,NA,NA,NA,NA
38C,3.28272421334904,0.866066234537219,-2,1,NaN,NaN,7.99746847823958
40C,1.52536302476917,3.04354438635047,-2,1,NaN,NaN,7.50627153797928
