temp,a_ii,a_jj,a_ij,a_ji,nd,rfd,error
32C,35.3065203698019,1.24894404372996,-3.9999,1.5,NaN,NaN,54.7648783020286
34C,1.50403713864018,0.554167766466705,-3.9999,1.5001,NaN,NaN,673.092652745314
36C,16.9819117509862,0.859271717134662,-3.9999,1.5,NaN,NaN,17.6008306661759
38C,4.36085822945921,0,-4,1.5,NaN,NaN,10.7348755180451
40C,2.04914011207141,0,-4,1.5,NaN,NaN,21.2855414801784
