temp,a_ii,a_jj,a_ij,a_ji,nd,rfd,error
32C,1.51238387732624,0.511829711534341,-2.9999,2.0001,NaN,NaN,479.990009434085
34C,1.50645784565365,0.542211186999562,-2.9999,2.0001,NaN,NaN,670.444215365415
36C,NA,NA,NA,NA,NA,NA,NA
38C,5.02566561621911,0,-3,2,NaN,NaN,29.5886408998931
40C,2.62579232648045,0,-3,2,NaN,NaN,57.6388832924504
