temp,a_ii,a_jj,a_ij,a_ji,nd,rfd,error
32C,NA,NA,NA,NA,NA,NA,NA
34C,6.73585078733382,0.857043457679396,0.5,2,0.583799738321004,1.4017314301595,57.2963066218123
36C,2.33565666777188,0.670953618319431,0.5,2,0.201179413560782,0.932885314535099,11.9687758299946
38C,2.86437080496484,0,0.5,2,-Inf,Inf,34.8011269457729
40C,NA,NA,NA,NA,NA,NA,NA
