temp,a_ii,a_jj,a_ij,a_ji,nd,rfd,error
32C,0.538362053944744,1.76108249198249,4.5,-2.4999,NaN,NaN,213.098496664978
34C,0,1.31871116179535,4.5,-2.4999,NaN,0,214.808779208899
36C,0,1.3344220953696,4.5,-2.4999,NaN,0,173.442012949948
38C,0.168387414965359,8.56491436792944,4.5,-2.4999,NaN,NaN,11.20885242738
40C,0.561028885272364,1.52808502245918,4.5001,-2.4999,NaN,NaN,630
