temp,a_ii,a_jj,a_ij,a_ji,nd,rfd,error
32C,0,3.17514660878377,4,4.00006600313786,-Inf,0,171.156879570239
34C,0,2.26221798488793,4,4.0001,-Inf,0,167.185677661756
36C,0.5,0.5,4,4,-7,1,321.286342140277
38C,NA,NA,NA,NA,NA,NA,NA
40C,NA,NA,NA,NA,NA,NA,NA
