temp,a_ii,a_jj,a_ij,a_ji,nd,rfd,error
32C,1.51529550920272,0.51693936294836,-1.9999,1.5001,NaN,NaN,478.754847700405
34C,1.51271358757968,0.56279135177214,-1.9999,1.5001,NaN,NaN,623.907512575936
36C,10.6123922286524,0.827341968316346,-1.9999,1.5,NaN,NaN,12.2712455926044
38C,3.41110667177674,0,-2,1.5,NaN,NaN,12.4934588409599
40C,NA,NA,NA,NA,NA,NA,NA
