temp,a_ii,a_jj,a_ij,a_ji,nd,rfd,error
32C,1.69709912952562,1.44919996287816,1e-04,-1.9999,NaN,NaN,347.49048488356
34C,9.80802846335587,1.38902790908808,0,-2,1,0,32.9359769926491
36C,NA,NA,NA,NA,NA,NA,NA
38C,2.38967610213835,2.71951190749716,0,-2,1,0,232.453576504453
40C,1.64561591445444,1.84370917962729,1e-04,-1.9999,NaN,NaN,346.501502718755
