temp,a_ii,a_jj,a_ij,a_ji,nd,rfd,error
32C,0.499846744313381,0.504501554940791,2.5001,-2.9999,NaN,NaN,371.364960609856
34C,0,3.15094833277192,2.5,-3,NaN,0,115.097698180818
36C,0,4.8548131188166,2.5,-3,NaN,0,60.5067241621323
38C,1.0898943274436,9.4406984429388,2.5,-2.9999,NaN,NaN,9.82421747440512
40C,NA,NA,NA,NA,NA,NA,NA
