temp,a_ii,a_jj,a_ij,a_ji,nd,rfd,error
32C,12.6020813847589,1.23461201077128,0,1.5,1,0,80.1106637277837
34C,NA,NA,NA,NA,NA,NA,NA
36C,NA,NA,NA,NA,NA,NA,NA
38C,2.45678896989883,0,0,1.5,NaN,NaN,15.0959251512141
40C,NA,NA,NA,NA,NA,NA,NA
