temp,a_ii,a_jj,a_ij,a_ji,nd,rfd,error
32C,7.09564946663926,1.63765730024111,5,-2.9999,NaN,NaN,216.238192526644
34C,0,1.29484548249201,5,-2.9999,NaN,0,221.70589532435
36C,0.52846316267172,1.31348965843856,5,-2.9999,NaN,NaN,177.951770831478
38C,NA,NA,NA,NA,NA,NA,NA
40C,NA,NA,NA,NA,NA,NA,NA
