temp,a_ii,a_jj,a_ij,a_ji,nd,rfd,error
32C,0,3.47094419373202,3.5,1.5001,-Inf,0,160.077927967006
34C,0,2.86075722085121,3.5,1.5,-Inf,0,153.607020793977
36C,0,1.21475667910629,3.5,1.5001,-Inf,0,129.748918824013
38C,0.796286445876788,0,3.5,1.5,-Inf,Inf,18.6436993650824
40C,1.52863238689226,0,3.5000082227949,1.5,-Inf,Inf,22.4853862180663
