temp,a_ii,a_jj,a_ij,a_ji,nd,rfd,error
32C,NA,NA,NA,NA,NA,NA,NA
34C,1.49927499414914,0.556581504238603,-3.4999,1.5001,NaN,NaN,675.459648361114
36C,NA,NA,NA,NA,NA,NA,NA
38C,4.12407536810418,0,-3.5,1.5,NaN,NaN,11.0873768725218
40C,2.01444583543355,0,-3.5,1.5,NaN,NaN,21.3492629740613
