temp,a_ii,a_jj,a_ij,a_ji,nd,rfd,error
32C,1.49543152375044,1.44919657398795,1e-04,1e-04,0.99993207133414,1.01582668293137,347.490484850503
34C,NA,NA,NA,NA,NA,NA,NA
36C,NA,NA,NA,NA,NA,NA,NA
38C,2.38965965013978,2.88979271877013,0,0,1,NaN,4.69586321185661
40C,0.529973716365192,1.55676533462896,1.53492981174076e-05,1e-04,0.999956867411848,0.22859138039132,630
