temp,a_ii,a_jj,a_ij,a_ji,nd,rfd,error
32C,0,5.05125362730201,3.5,-3.49991023300057,NaN,0,160.286534736045
34C,0,4.73096113626097,3.5,-3.5,NaN,0,146.591143171043
36C,2.09337220938502,1.37660118425877,3.5,-3.4999,NaN,NaN,176.45530087153
38C,0.607943019010754,10.6600530910135,3.5,-3.4999,NaN,NaN,11.1546142121276
40C,NA,NA,NA,NA,NA,NA,NA
