temp,a_ii,a_jj,a_ij,a_ji,nd,rfd,error
32C,22.3381718563973,0,-2.4999,2.5,NaN,NaN,105.853188196664
34C,26.8417120468442,0,-2.4999,2.5,NaN,NaN,134.620634284887
36C,1.35687047381158,0,-2.4999,2.5,NaN,NaN,191.815360197927
38C,0.519801604248799,0,-2.4999,2.5,NaN,NaN,197.141998230841
40C,0.341415726533766,0,-2.4999,2.5,NaN,NaN,293.242978275844
