temp,a_ii,a_jj,a_ij,a_ji,nd,rfd,error
32C,2.27024785615927,1.4491860086507,-3.4999,5.0001,NaN,NaN,347.490484841713
34C,1.50535456244366,0.515508829272519,-3.4999,5.0001,NaN,NaN,663.083218039192
36C,17.702770982913,0,-3.4999,5,NaN,NaN,21.3021243484832
38C,2.42328592937787,0,-3.4999,5,NaN,NaN,178.753835709958
40C,1.44556417921952,0,-3.4999,5,NaN,NaN,273.185842766145
