temp,a_ii,a_jj,a_ij,a_ji,nd,rfd,error
32C,NA,NA,NA,NA,NA,NA,NA
34C,12.5941058196349,0.412918129319587,-0.5,4.5,NaN,NaN,50.3185510464
36C,5.86581627644802,0,-0.5,4.5,NaN,NaN,13.3976255637906
38C,7.35540035880175,0,-0.5,4.5,NaN,NaN,121.239789507551
40C,NA,NA,NA,NA,NA,NA,NA
