temp,a_ii,a_jj,a_ij,a_ji,nd,rfd,error
32C,0,1.95616286473032,4,-2.4999,NaN,0,207.102517035163
34C,0,1.39519670635489,4,-2.4999,NaN,0,208.045063495553
36C,0.0618362762982646,1.36769642518166,4,-2.4999,NaN,NaN,171.622830083373
38C,0.397864063535629,8.50534539122524,4,-2.4999,NaN,NaN,10.6894083996704
40C,NA,NA,NA,NA,NA,NA,NA
