temp,a_ii,a_jj,a_ij,a_ji,nd,rfd,error
32C,1.63349401496193,1.44919641365541,-1.9999,3.5001,NaN,NaN,347.490484851139
34C,1.58728288831462,1.08334299063384,-1.99990864961272,3.50009253626216,NaN,NaN,385.173774564305
36C,NA,NA,NA,NA,NA,NA,NA
38C,7.82475253677953,0,-2,3.5,NaN,NaN,91.7502257951345
40C,NA,NA,NA,NA,NA,NA,NA
