temp,a_ii,a_jj,a_ij,a_ji,nd,rfd,error
32C,NA,NA,NA,NA,NA,NA,NA
34C,2.48498245599044,0,-4.4999,5,NaN,NaN,333.026521893142
36C,1.24702841450269,0,-4.4999,5,NaN,NaN,202.527031582886
38C,0.503208434632775,0,-4.4999,5,NaN,NaN,212.117389387867
40C,0.340969876892591,0,-4.5,5,NaN,NaN,304.585265726943
