temp,a_ii,a_jj,a_ij,a_ji,nd,rfd,error
32C,NA,NA,NA,NA,NA,NA,NA
34C,6.72590962750303,1.49189511157574,0.5,-2,NaN,NaN,46.1881128905757
36C,2.24664574180274,1.93684829060761,0.5,-1.9999,NaN,NaN,16.2224885643234
38C,2.09864989598746,7.03127161285265,0.5,-1.9999,NaN,NaN,6.32097550600239
40C,NA,NA,NA,NA,NA,NA,NA
