temp,a_ii,a_jj,a_ij,a_ji,nd,rfd,error
32C,7.60204679282332,1.44919669284561,-3.4999,2.5001,NaN,NaN,347.490484849346
34C,NA,NA,NA,NA,NA,NA,NA
36C,15.456618306211,0.553283866526369,-3.4999,2.5,NaN,NaN,16.7529178407602
38C,6.6306311473564,0,-3.5,2.5,NaN,NaN,51.3576368775549
40C,NA,NA,NA,NA,NA,NA,NA
