temp,a_ii,a_jj,a_ij,a_ji,nd,rfd,error
32C,0,3.79734439138756,3.5,0.5001,-Inf,0,160.246653752666
34C,0,3.24994574214585,3.5,0.5,-Inf,0,152.528568238557
36C,0,1.26016581638656,3.5,0.5001,-Inf,0,140.580581980103
38C,0.786510265251519,2.05031284679493,3.5,0.5,-0.041733811513232,1.6386686728295,13.33926637456
40C,NA,NA,NA,NA,NA,NA,NA
