temp,a_ii,a_jj,a_ij,a_ji,nd,rfd,error
32C,0.627675652959868,0.568616857634344,1.0001,5.00008209426152,-2.74311158612375,0.469884286823669,123.168859909595
34C,NA,NA,NA,NA,NA,NA,NA
36C,NA,NA,NA,NA,NA,NA,NA
38C,4.93500209906977,0,1.0001,5,-Inf,Inf,130.452578596107
40C,NA,NA,NA,NA,NA,NA,NA
