temp,a_ii,a_jj,a_ij,a_ji,nd,rfd,error
32C,0,4.59071024341216,3.5,-1.99990116479871,NaN,0,160.396941927479
34C,0,4.18759160959926,3.5,-2,NaN,0,149.054870367042
36C,0,1.40698404805702,3.5,-1.9999,NaN,0,164.827718581312
38C,0.645946191328665,7.35950245728972,3.5,-1.9999,NaN,NaN,9.75623032060956
40C,NA,NA,NA,NA,NA,NA,NA
