temp,a_ii,a_jj,a_ij,a_ji,nd,rfd,error
32C,0,1.52824093601833,5,1.5001,-Inf,0,213.356906516852
34C,0,1.09411991960348,5,1.5001,-Inf,0,210.088890488188
36C,0,1.12753974866389,5,1.5001,-Inf,0,148.728255578084
38C,NA,NA,NA,NA,NA,NA,NA
40C,NA,NA,NA,NA,NA,NA,NA
