temp,a_ii,a_jj,a_ij,a_ji,nd,rfd,error
32C,0.540680409056411,1.84339161895891,1.0001,-4.49995253714716,NaN,NaN,125.380976361469
34C,3.79704468967657,2.14279954732921,1,-4.5,NaN,NaN,60.2468403125207
36C,0.581979212573175,2.86642327501884,1,-4.4999,NaN,NaN,23.7744779625707
38C,NA,NA,NA,NA,NA,NA,NA
40C,NA,NA,NA,NA,NA,NA,NA
