temp,a_ii,a_jj,a_ij,a_ji,nd,rfd,error
32C,NA,NA,NA,NA,NA,NA,NA
34C,0.500130031860506,0.502281467395104,2.00009341148065,5,-5.30950222242398,0.631114309504968,117.248866093224
36C,NA,NA,NA,NA,NA,NA,NA
38C,1.09985543161492,0,2.0001,5,-Inf,Inf,136.255868833702
40C,NA,NA,NA,NA,NA,NA,NA
