temp,a_ii,a_jj,a_ij,a_ji,nd,rfd,error
32C,0,2.06690725221761,2.5,2.5001,-Inf,0,131.577883289218
34C,0,1.60414886650553,2.5,2.5,-Inf,0,124.268446201722
36C,NA,NA,NA,NA,NA,NA,NA
38C,1.76989672856575,0,2.5001,2.5,-Inf,Inf,58.1733335628117
40C,NA,NA,NA,NA,NA,NA,NA
