temp,a_ii,a_jj,a_ij,a_ji,nd,rfd,error
32C,0.655414693586807,1.27311116257048,1.5,2.50000058892699,-1.11994422652057,0.555776907333632,109.269065186014
34C,0.498620358108409,0.952533128971295,1.5,2.50004983396384,-1.8099262052768,0.560423393045688,92.6733991343096
36C,NA,NA,NA,NA,NA,NA,NA
38C,2.62531177478945,0,1.5,2.5,-Inf,Inf,58.3372799625234
40C,NA,NA,NA,NA,NA,NA,NA
