temp,a_ii,a_jj,a_ij,a_ji,nd,rfd,error
32C,0,0.300527313555762,4,-3.4999,NaN,0,255.670586600907
34C,NA,NA,NA,NA,NA,NA,NA
36C,2.63983158670088,0.309689725518941,4.0001,-3.4999,NaN,NaN,206.820965461799
38C,1.58209044523994,1.03871905208494,4,-3.4999,NaN,NaN,210.429181175601
40C,0.527685376661158,1.55864065285781,4.0001,-3.4999,NaN,NaN,533.14631316604
