temp,a_ii,a_jj,a_ij,a_ji,nd,rfd,error
32C,13.8645583012675,0,-1,3,NaN,NaN,131.043857695152
34C,16.1241931222566,0,-1,3,NaN,NaN,162.769098437748
36C,1.25815448314445,0,-0.9999,3,NaN,NaN,188.494577408738
38C,0.497848530512689,0,-0.9999,3,NaN,NaN,199.735177269364
40C,NA,NA,NA,NA,NA,NA,NA
