temp,a_ii,a_jj,a_ij,a_ji,nd,rfd,error
32C,0,3.63487456950944,3.5,1.0001,-Inf,0,160.169420058997
34C,0,3.05651631963014,3.5,1,-Inf,0,153.092876392705
36C,0,1.2297831884067,3.5,1.0001,-Inf,0,135.344597668996
38C,0.765183937042243,0.894512244298238,3.5,1,-1.26129881437831,1.73030952961496,15.7319571484807
40C,1.21942094257919,3.07142260040732,3.5,1,0.0333095912325233,1.1788025294415,8.1177130102966
