temp,a_ii,a_jj,a_ij,a_ji,nd,rfd,error
32C,0.50017403466698,0.51260060076364,1.5001,-1.4999,NaN,NaN,343.921144597622
34C,1.11550761043144,1.78920712960321,1.5,-1.5,NaN,NaN,84.2326490887621
36C,0,2.3363885583239,1.5,-1.5,NaN,0,28.951832813437
38C,1.62638592079169,6.04059226396738,1.5,-1.4999,NaN,NaN,6.53827219330791
40C,NA,NA,NA,NA,NA,NA,NA
