temp,a_ii,a_jj,a_ij,a_ji,nd,rfd,error
32C,NA,NA,NA,NA,NA,NA,NA
34C,3.9594986715961,1.42449338917688,1,-0.5,NaN,NaN,68.4786859717496
36C,0.712143057878241,1.55524406557778,1,-0.4999,NaN,NaN,19.8373097809299
38C,NA,NA,NA,NA,NA,NA,NA
40C,1.50708985040485,3.65190359387688,1.0001,-0.4999,NaN,NaN,337.942913147294
