temp,a_ii,a_jj,a_ij,a_ji,nd,rfd,error
32C,NA,NA,NA,NA,NA,NA,NA
34C,0.332052783579101,0.214362396062255,0.3,0.3,-0.124458393820696,1.24459846562349,87.817238855999
36C,0.262671511244497,0.246599956969879,0.3,0.3,-0.178740675122917,1.03207198166632,20.4793205268884
38C,0.381385367485463,0.27759285748856,0.3,0.3,0.0779911329860765,1.17213563523653,12.1729348177105
40C,0.326995002841891,0.417327443676057,0.3,0.3,0.187894925393153,0.885181003929934,8.08978235971046
