temp,a_ii,a_jj,a_ij,a_ji,nd,rfd,error
32C,0,2.91949146940923,2.5,-0.999999076966558,NaN,0,131.825537332208
34C,0,2.60479801973277,2.5,-1,NaN,0,119.09915649923
36C,0,3.58226149503069,2.5,-1,NaN,0,61.311234179255
38C,1.16260104440063,5.09912843007384,2.5,-0.9999,NaN,NaN,7.6382568496168
40C,NA,NA,NA,NA,NA,NA,NA
