temp,a_ii,a_jj,a_ij,a_ji,nd,rfd,error
32C,0,1.9133653780683,4,-1.4999,NaN,0,205.20851719927
34C,0,1.34026073678606,4,-1.4999,NaN,0,204.249662146956
36C,0,1.32866696913602,4,-1.4999,NaN,0,163.676484720869
38C,0.435010358804698,6.3585124005531,4,-1.5,NaN,NaN,10.2894941342612
40C,NA,NA,NA,NA,NA,NA,NA
