temp,a_ii,a_jj,a_ij,a_ji,nd,rfd,error
32C,0.508535035620012,1.5112824301493,1.5,1.00009458429913,-0.397117430774971,0.710415968228043,109.267153500445
34C,0.756959142263612,1.26149940630027,1.5,1,-0.253331298175381,0.948720584438975,89.8055426475821
36C,0,1.32294425208581,1.5,1,-Inf,0,30.7809461116297
38C,1.67232601736867,0.874934095720006,1.5,1,-0.0125057209599493,1.69323965989595,12.5372367269334
40C,NA,NA,NA,NA,NA,NA,NA
