temp,a_ii,a_jj,a_ij,a_ji,nd,rfd,error
32C,NA,NA,NA,NA,NA,NA,NA
34C,0,2.83851414171754,2,-4.5,NaN,0,93.2177986543174
36C,0,4.68278528073742,2,-4.4999,NaN,0,45.4186805643179
38C,1.29183446082118,12.8021269622986,2,-4.4999,NaN,NaN,11.4407022391446
40C,0.553285745482383,3.36008511655067,2.0001,-4.5,NaN,NaN,630
