temp,a_ii,a_jj,a_ij,a_ji,nd,rfd,error
32C,0,4.09090516049122,4,1.5001,-Inf,0,171.769119742556
34C,0,1.16820259461627,4,1.5001,-Inf,0,193.937165063858
36C,0,1.15526937318454,4,1.5001,-Inf,0,137.789623257316
38C,NA,NA,NA,NA,NA,NA,NA
40C,NA,NA,NA,NA,NA,NA,NA
