temp,a_ii,a_jj,a_ij,a_ji,nd,rfd,error
32C,1.54159465566376,0.503723097481072,-1.4999,3.5001,NaN,NaN,481.906977012034
34C,18.7956057004529,0.589926589819939,-1.4999,3.5,NaN,NaN,44.2352547102344
36C,NA,NA,NA,NA,NA,NA,NA
38C,7.27373949903334,0,-1.5,3.5,NaN,NaN,92.7658192398401
40C,NA,NA,NA,NA,NA,NA,NA
