temp,a_ii,a_jj,a_ij,a_ji,nd,rfd,error
32C,0,2.42990920420556,3,3.0001,-Inf,0,146.31829124268
34C,0.485727137781441,1.94163311538725,3,3.00008591976018,-2.08921193678414,0.500157032894035,144.508420725447
36C,NA,NA,NA,NA,NA,NA,NA
38C,NA,NA,NA,NA,NA,NA,NA
40C,NA,NA,NA,NA,NA,NA,NA
