temp,a_ii,a_jj,a_ij,a_ji,nd,rfd,error
32C,1.35637795658922,1.44918893840996,1e-04,-4,NaN,NaN,347.490484823765
34C,1.4814181227699,1.20452959132682,9.30522067689348e-05,-3.99990694779323,NaN,NaN,357.763731442534
36C,1.1550578580937,1.20483688780276,1e-04,-3.9999,NaN,NaN,224.447749867048
38C,2.38965889802692,2.82744590177787,1e-04,-3.9999,NaN,NaN,232.45357649619
40C,NA,NA,NA,NA,NA,NA,NA
