temp,a_ii,a_jj,a_ij,a_ji,nd,rfd,error
32C,2.26588054954807,1.44918233386886,-2.9999,1e-04,NaN,NaN,347.49048483559
34C,NA,NA,NA,NA,NA,NA,NA
36C,NA,NA,NA,NA,NA,NA,NA
38C,NA,NA,NA,NA,NA,NA,NA
40C,1.41137474653859,3.72591196364181,-3,1e-04,NaN,NaN,315.647491849314
