temp,a_ii,a_jj,a_ij,a_ji,nd,rfd,error
32C,NA,NA,NA,NA,NA,NA,NA
34C,6.68679250186174,1.99973409145229,0.5,-5,NaN,NaN,42.6285060365239
36C,2.16117790458185,2.9710839669979,0.5,-4.9999,NaN,NaN,22.1026727794051
38C,1.98727934713678,13.8495083300802,0.5,-4.9999,NaN,NaN,11.4326459837228
40C,1.3602220461269,112.327178134322,0.5,-4.9999,NaN,NaN,10.0652142191405
