temp,a_ii,a_jj,a_ij,a_ji,nd,rfd,error
32C,0.547765436159017,1.56971814790412,2,3.00009943010513,-1.64164631285492,0.482318195929969,119.432925637064
34C,0,1.12277392707011,2,3.00000494296736,-Inf,0,107.400590069582
36C,NA,NA,NA,NA,NA,NA,NA
38C,2.38305172437294,0,2.0001,3,-Inf,Inf,78.1302166402729
40C,NA,NA,NA,NA,NA,NA,NA
