temp,a_ii,a_jj,a_ij,a_ji,nd,rfd,error
32C,1.55662075510128,0.503610249057612,-1.9999,4.0001,NaN,NaN,481.933252607387
34C,1.56120264613084,1.08334307733627,-1.99990449521312,4.00009663857327,NaN,NaN,385.173774555251
36C,10.7599703275195,0.104416325845074,-1.9999,4,NaN,NaN,14.0452789990234
38C,9.00734848359068,0,-2,4,NaN,NaN,106.446505561594
40C,NA,NA,NA,NA,NA,NA,NA
