temp,a_ii,a_jj,a_ij,a_ji,nd,rfd,error
32C,NA,NA,NA,NA,NA,NA,NA
34C,0,4.30607055165182,3,-4.5,NaN,0,129.469772723948
36C,3.63944658242498,1.40983516167073,3,-4.4999,NaN,NaN,180.193115632852
38C,0.824438599575328,12.8788368479142,3,-4.4999,NaN,NaN,11.8914983463676
40C,NA,NA,NA,NA,NA,NA,NA
