temp,a_ii,a_jj,a_ij,a_ji,nd,rfd,error
32C,0,2.18763874934412,2.5,2.0001,-Inf,0,131.658040841949
34C,0,1.75890877168435,2.5,2,-Inf,0,123.718525735195
36C,NA,NA,NA,NA,NA,NA,NA
38C,1.56900085811854,0,2.5,2,-Inf,Inf,36.2084597081227
40C,NA,NA,NA,NA,NA,NA,NA
