temp,a_ii,a_jj,a_ij,a_ji,nd,rfd,error
32C,0,3.71872498549762,3,-1.49996478599787,NaN,0,146.81371602578
34C,0,3.36085076906672,3,-1.5,NaN,0,135.126379737349
36C,0,1.5254166752033,3,-1.4999,NaN,0,155.164070211705
38C,0.901024481547216,6.22080796169054,3,-1.4999,NaN,NaN,8.7059951534734
40C,NA,NA,NA,NA,NA,NA,NA
