temp,a_ii,a_jj,a_ij,a_ji,nd,rfd,error
32C,11.6954333357006,0,-1,2.5,NaN,NaN,105.925518417111
34C,13.2475179904294,0,-1,2.5,NaN,NaN,132.351756516699
36C,1.3160250937782,0,-0.9999,2.5,NaN,NaN,183.677832716724
38C,0.503444304764907,0,-0.9999,2.5,NaN,NaN,194.868662950404
40C,0.340461069885343,0,-0.9999,2.5,NaN,NaN,293.194793355303
