temp,a_ii,a_jj,a_ij,a_ji,nd,rfd,error
32C,NA,NA,NA,NA,NA,NA,NA
34C,3.68097673076239,0.613027823974043,1,4,-0.331399428863617,1.22521257924933,83.3751225853171
36C,NA,NA,NA,NA,NA,NA,NA
38C,4.18589347285592,0,1.0001,4,-Inf,Inf,109.307552528229
40C,NA,NA,NA,NA,NA,NA,NA
