temp,a_ii,a_jj,a_ij,a_ji,nd,rfd,error
32C,NA,NA,NA,NA,NA,NA,NA
34C,0,3.68031115590089,3,-2.5,NaN,0,133.329281773625
36C,0,1.58512445553142,3,-2.4999,NaN,0,165.241715268493
38C,0.86585949224379,8.38741084225433,3,-2.4999,NaN,NaN,9.65490365461705
40C,NA,NA,NA,NA,NA,NA,NA
