temp,a_ii,a_jj,a_ij,a_ji,nd,rfd,error
32C,0,1.96533147247332,2,1,-Inf,0,117.49349148302
34C,0,1.58588683511997,2,1,-Inf,0,104.544007431088
36C,0,1.792990249561,2,1,-Inf,0,47.3890169277493
38C,1.44469277392748,0.879636515784416,2,1,-0.254514319092031,1.81238777158081,13.4161814946001
40C,NA,NA,NA,NA,NA,NA,NA
