temp,a_ii,a_jj,a_ij,a_ji,nd,rfd,error
32C,2.86285675231394,0.960426599076703,0,-4.4999,1,0,71.7823776420344
34C,2.02340701085984,0.971211693373528,0,-4.4999,1,0,31.2458405897866
36C,1.08842523933273,1.77716267448174,0,-4.4999,1,0,29.6999142527485
38C,NA,NA,NA,NA,NA,NA,NA
40C,1.52177286663229,1.66981080006243,1e-04,-4.4999,NaN,NaN,516.445893638428
