temp,a_ii,a_jj,a_ij,a_ji,nd,rfd,error
32C,0.630816415342872,1.10498716465087,1.5,3.50009732324537,-1.74445162424787,0.494627713404469,109.304688618346
34C,NA,NA,NA,NA,NA,NA,NA
36C,NA,NA,NA,NA,NA,NA,NA
38C,3.17337126234259,0,1.5001,3.5,-Inf,Inf,95.1078764091383
40C,NA,NA,NA,NA,NA,NA,NA
