temp,a_ii,a_jj,a_ij,a_ji,nd,rfd,error
32C,0,0.724614938601328,0.5,-1.5,NaN,0,119.926978526187
34C,0,0.777966927099603,0.5,-1.5,NaN,0,97.050560214259
36C,0,1.1215785718633,0.5,-1.4999,NaN,0,34.4483236518284
38C,0.253894279039174,4.20444933697658,0.5,-1.4999,NaN,NaN,12.01444321034
40C,NA,NA,NA,NA,NA,NA,NA
