temp,a_ii,a_jj,a_ij,a_ji,nd,rfd,error
32C,22.3438886999786,0,-1.9999,3,NaN,NaN,129.413407049276
34C,27.2515486720009,0,-1.9999,3,NaN,NaN,162.647166560363
36C,1.28780040705983,0,-1.9999,3,NaN,NaN,192.179423807052
38C,0.505617702066629,0,-1.9999,3,NaN,NaN,200.494693608571
40C,NA,NA,NA,NA,NA,NA,NA
