temp,a_ii,a_jj,a_ij,a_ji,nd,rfd,error
32C,0.506795883837743,1.42687246363497,1.5,1.5001,-0.763992024262228,0.595949534710156,109.28044147013
34C,0.497788239460223,1.14161449512829,1.5,1.5,-0.98979898910568,0.660332357111099,90.8282702674883
36C,NA,NA,NA,NA,NA,NA,NA
38C,1.737335529257,0,1.5,1.5,-Inf,Inf,17.0393325028872
40C,NA,NA,NA,NA,NA,NA,NA
