temp,a_ii,a_jj,a_ij,a_ji,nd,rfd,error
32C,30.058592151152,1.29392946517914,-3,1,NaN,NaN,53.2845535783202
34C,1.502753899954,0.592184762237906,-2.9999,1.0001,NaN,NaN,677.262835248649
36C,3.95784017093688,0.57023346436071,-2.9999,1.0001,NaN,NaN,220.937435245493
38C,3.74291912290663,0.870541850292268,-3,1,NaN,NaN,7.46120170324361
40C,1.58132567329561,3.04545354456455,-3,1,NaN,NaN,7.45992730886921
