temp,a_ii,a_jj,a_ij,a_ji,nd,rfd,error
32C,68.7665712917964,0,-3.9999,5,NaN,NaN,200.207462787139
34C,2.44928094179677,0,-3.9999,5,NaN,NaN,330.407002191636
36C,1.24096980276631,0,-3.9999,5,NaN,NaN,202.021847007614
38C,0.501894778481218,0,-3.9999,5,NaN,NaN,212.026400984863
40C,0.340900816360207,0,-4,5,NaN,NaN,304.61348899583
