temp,a_ii,a_jj,a_ij,a_ji,nd,rfd,error
32C,25.8756171574545,0,-2.9999,2.5,NaN,NaN,106.690285828736
34C,31.3608103738379,0,-2.9999,2.5,NaN,NaN,135.597597315629
36C,1.36873835914236,0,-2.9999,2.5,NaN,NaN,194.027083954674
38C,0.525011726125619,0,-2.9999,2.5,NaN,NaN,198.055938490896
40C,0.341726580621776,0,-2.9999,2.5,NaN,NaN,293.276947737782
