temp,a_ii,a_jj,a_ij,a_ji,nd,rfd,error
32C,8.47984009184466,0.104467757542087,-0.9999,1,NaN,NaN,62.4090870622484
34C,7.98123038221796,0.0714260357428191,-0.9999,1,NaN,NaN,61.5125196216208
36C,4.55538200100857,0.0254975727269967,-0.9999,1,NaN,NaN,17.0430664546763
38C,2.15243631284532,-5.55111512312578e-17,-1,1,-91483911.0724165,196913294.385817,80.2154677913573
40C,0.387334108673751,0,-0.9999,1,NaN,NaN,255.69492285715
