temp,a_ii,a_jj,a_ij,a_ji,nd,rfd,error
32C,1.34267418754418,1.44919653824176,1e-04,-4.5,NaN,NaN,347.490484862408
34C,1.49127659047751,1.350430185829,1e-04,-4.4999,NaN,NaN,382.468659294176
36C,1.14648144624096,1.20483405616052,1e-04,-4.4999,NaN,NaN,224.447749863715
38C,2.38965025513445,2.9056701214603,1e-04,-4.5,NaN,NaN,232.453576498535
40C,NA,NA,NA,NA,NA,NA,NA
