temp,a_ii,a_jj,a_ij,a_ji,nd,rfd,error
32C,NA,NA,NA,NA,NA,NA,NA
34C,6.73985100740019,0.934277605240575,0.5,1.5,0.654882076872783,1.55069558790722,55.2962576643634
36C,2.31629830458503,0.810052802005116,0.5,1.5,0.367767637271493,0.976292499927887,10.6200058876181
38C,2.21741616907705,0,0.5,1.5,-Inf,Inf,15.7854918150898
40C,NA,NA,NA,NA,NA,NA,NA
