temp,a_ii,a_jj,a_ij,a_ji,nd,rfd,error
32C,NA,NA,NA,NA,NA,NA,NA
34C,1.46105243355356,0.501334883991741,1e-04,0.5001,0.991737117750492,0.0241401804015406,452.390436869832
36C,NA,NA,NA,NA,NA,NA,NA
38C,2.38421165703515,1.89414038852967,0,0.5,1,0,6.63178340670227
40C,1.12239319112346,0.518258845913121,9.97733649694311e-05,0.5001,0.990738318039978,0.0207863402725038,173.680751163267
