temp,a_ii,a_jj,a_ij,a_ji,nd,rfd,error
32C,1.49990437405932,0.50461772355848,-0.4999,2.0001,NaN,NaN,481.697918737211
34C,12.7507201771203,0.778102107524406,-0.5,2,NaN,NaN,37.917701415345
36C,5.67608327154097,0.63250565611915,-0.4999,2,NaN,NaN,6.13925257657021
38C,3.49565997178916,0,-0.5,2,NaN,NaN,33.3639843951026
40C,NA,NA,NA,NA,NA,NA,NA
