temp,a_ii,a_jj,a_ij,a_ji,nd,rfd,error
32C,NA,NA,NA,NA,NA,NA,NA
34C,3.7773696750738,2.23319480939114,1,-5,NaN,NaN,59.4459756209189
36C,0.568876159317355,3.02941777150062,1,-4.9999,NaN,NaN,24.2643656022862
38C,NA,NA,NA,NA,NA,NA,NA
40C,NA,NA,NA,NA,NA,NA,NA
