temp,a_ii,a_jj,a_ij,a_ji,nd,rfd,error
32C,4.77018946884084,2.00456836097758,1,-2,NaN,NaN,100.604200966839
34C,3.90153797627765,1.6925605429959,1,-2,NaN,NaN,64.9416931968287
36C,0.655125585003145,2.04563483766936,1,-1.9999,NaN,NaN,21.0062767776331
38C,1.85234498223176,7.07131706021325,1,-1.9999,NaN,NaN,6.79414724673503
40C,NA,NA,NA,NA,NA,NA,NA
