temp,a_ii,a_jj,a_ij,a_ji,nd,rfd,error
32C,61.3118158399483,0,-3.4999,5,NaN,NaN,200.123928687685
34C,2.40968739504741,0,-3.4999,5,NaN,NaN,327.696741214232
36C,1.2344704941294,0,-3.4999,5,NaN,NaN,201.550292271074
38C,0.500668823812516,0,-3.4999,5,NaN,NaN,211.95715685122
40C,0.340832054100679,0,-3.5,5,NaN,NaN,304.643220427592
