temp,a_ii,a_jj,a_ij,a_ji,nd,rfd,error
32C,1.56438537924276,0.503431350521713,-2.4999,4.5001,NaN,NaN,481.974957070782
34C,1.56360757735821,1.08334311866546,-2.49990606493215,4.50009646698757,NaN,NaN,385.173774558548
36C,12.7429804662996,0,-2.4999,4.5,NaN,NaN,16.0985703051733
38C,10.9122578124021,0,-2.5,4.5,NaN,NaN,117.770488846544
40C,1.47570360992432,0,-2.4999,4.5,NaN,NaN,267.287011626937
