temp,a_ii,a_jj,a_ij,a_ji,nd,rfd,error
32C,1.84115354395391,1.20366277278162,-3.4999,1e-04,NaN,NaN,352.165906181415
34C,NA,NA,NA,NA,NA,NA,NA
36C,NA,NA,NA,NA,NA,NA,NA
38C,4.01421148962408,2.91106573634661,-3.4999,0,1,NaN,3.82963255598248
40C,1.41136452753987,3.19055161200535,-3.5,1e-04,NaN,NaN,315.647491857503
