temp,a_ii,a_jj,a_ij,a_ji,nd,rfd,error
32C,NA,NA,NA,NA,NA,NA,NA
34C,1.16004878167534,1.99199933470838,1.5,-2.5,NaN,NaN,81.9124260315058
36C,0,2.74426415307089,1.5,-2.4999,NaN,0,29.1043306947029
38C,0.506528845567271,0.804943136104615,1.5001,-2.4999,NaN,NaN,371.384548789604
40C,NA,NA,NA,NA,NA,NA,NA
